DROP DATABASE IF EXISTS TheBasaboost_SG_Hospital;
CREATE DATABASE TheBasaboost_SG_Hospital;
USE TheBasaboost_SG_Hospital;

------ CREACIÓN DE LA BASE DE DATOS ------
--- TABLAS:
CREATE TABLE MEDICO(
	id_medico SMALLINT PRIMARY KEY IDENTITY,
	nombre VARCHAR(25),
	apellido VARCHAR(25) NOT NULL,
	telefono INT,
	horario VARCHAR(50),
	email VARCHAR(40),
	id_especialidad SMALLINT
);

CREATE TABLE ESPECIALIDAD(
	id_especialidad SMALLINT PRIMARY KEY IDENTITY,
	especialidad VARCHAR(50) NOT NULL
);

CREATE TABLE CITA(
	id_cita INT PRIMARY KEY,
	id_paciente INT NOT NULL,
	id_medico SMALLINT NOT NULL,
	id_estado SMALLINT NOT NULL,
	fecha_hora DATETIME NOT NULL,
);

CREATE TABLE ESTADO_CITA(
	id_estado SMALLINT PRIMARY KEY,
	estado VARCHAR(15) NOT NULL
);

CREATE TABLE RECETA(
	id_receta SMALLINT PRIMARY KEY IDENTITY,
	id_consulta INT,
	id_tratamiento INT,
	instrucciones VARCHAR(200)
);

CREATE TABLE CONSULTA(
	id_consulta INT PRIMARY KEY IDENTITY,
	id_cita INT,
	id_diagnostico INT,
	observaciones VARCHAR(250) NOT NULL,
	fecha_consulta DATE
);

CREATE TABLE DIAGNOSTICO(
	id_diagnostico INT PRIMARY KEY IDENTITY,
	diagnostico VARCHAR(75) NOT NULL
);

-- Intersección Consulta-Receta
CREATE TABLE CONSULTA_RECETA(
   	id_consulta INT NOT NULL,
   	id_receta SMALLINT NOT NULL,
  	PRIMARY KEY (id_consulta, id_receta),
    	FOREIGN KEY (id_consulta) REFERENCES CONSULTA(id_consulta),
    	FOREIGN KEY (id_receta) REFERENCES RECETA(id_receta)
);

CREATE TABLE PACIENTE(
	id_paciente INT PRIMARY KEY,
	nombre VARCHAR(50),
	apellido VARCHAR(50),
	dui VARCHAR(10) NOT NULL,
	fecha_nacimiento DATE,
	direccion VARCHAR(100),
	telefono INT,
	email VARCHAR(70),
	fecha_registro DATE,
	id_historial_medico INT
);

CREATE TABLE TRATAMIENTO(
	id_tratamiento INT PRIMARY KEY IDENTITY,
	duracion VARCHAR(20) NOT NULL,
	id_medicamento INT NOT NULL,
	id_dosis INT NOT NULL
);

CREATE TABLE MEDICAMENTO(
	id_medicamento INT PRIMARY KEY,
	medicamento VARCHAR(50)
);

CREATE TABLE DOSIS(
	id_dosis INT PRIMARY KEY,
	dosis VARCHAR(50)
);

CREATE TABLE HISTORIAL_MEDICO(
	id_historial_medico INT PRIMARY KEY,
	id_paciente INT,
	id_alergias SMALLINT,
	id_enfermedades_cronicas SMALLINT,
	antecedentes_familiares VARCHAR(200),
	fecha_registro DATE
);

CREATE TABLE ALERGIAS(
	id_alergias SMALLINT PRIMARY KEY,
	alergias VARCHAR(50)
);

CREATE TABLE ENFERMEDADES_CRONICAS(
	id_enfermedades_cronicas SMALLINT PRIMARY KEY,
	enfermedad_cronica VARCHAR(50)
);

-- FOREIGN KEYS:
-- PARA LA TABLA "MEDICO"
ALTER TABLE MEDICO ADD FOREIGN KEY(id_especialidad) REFERENCES ESPECIALIDAD(id_especialidad);

-- PARA LA TABLA "CITA"
ALTER TABLE CITA ADD FOREIGN KEY(id_paciente) REFERENCES PACIENTE(id_paciente);
ALTER TABLE CITA ADD FOREIGN KEY(id_medico) REFERENCES MEDICO(id_medico);
ALTER TABLE CITA ADD FOREIGN KEY(id_estado) REFERENCES ESTADO_CITA(id_estado);

-- PARA LA TABLA "RECETA"
ALTER TABLE RECETA ADD FOREIGN KEY(id_consulta) REFERENCES CONSULTA(id_consulta);
ALTER TABLE RECETA ADD FOREIGN KEY(id_tratamiento) REFERENCES TRATAMIENTO(id_tratamiento);

-- PARA LA TABLA INTERMEDIA "CONSULTA_RECETA"
ALTER TABLE CONSULTA_RECETA ADD FOREIGN KEY (id_consulta) REFERENCES CONSULTA(id_consulta) ON DELETE CASCADE;
ALTER TABLE CONSULTA_RECETA ADD FOREIGN KEY (id_receta) REFERENCES RECETA(id_receta) ON DELETE CASCADE;

-- PARA LA TABLA "CONSULTA"
ALTER TABLE CONSULTA ADD FOREIGN KEY(id_cita) REFERENCES CITA(id_cita);
ALTER TABLE CONSULTA ADD FOREIGN KEY(id_diagnostico) REFERENCES DIAGNOSTICO(id_diagnostico);

-- PARA LA TABLA "PACIENTE"
ALTER TABLE PACIENTE ADD FOREIGN KEY(id_historial_medico) REFERENCES HISTORIAL_MEDICO(id_historial_medico);

-- PARA LA TABLA "TRATAMIENTO"
ALTER TABLE TRATAMIENTO ADD FOREIGN KEY(id_medicamento) REFERENCES MEDICAMENTO(id_medicamento);
ALTER TABLE TRATAMIENTO ADD FOREIGN KEY(id_dosis) REFERENCES DOSIS(id_dosis);

-- PARA LA TABLA "HISTORIAL_MEDICO"
ALTER TABLE HISTORIAL_MEDICO ADD FOREIGN KEY(id_paciente) REFERENCES PACIENTE(id_paciente);
ALTER TABLE HISTORIAL_MEDICO ADD FOREIGN KEY(id_alergias) REFERENCES ALERGIAS(id_alergias);
ALTER TABLE HISTORIAL_MEDICO ADD FOREIGN KEY(id_enfermedades_cronicas) REFERENCES ENFERMEDADES_CRONICAS(id_enfermedades_cronicas);

-- Inserciones y poblamiento de la BD

INSERT INTO ESPECIALIDAD (especialidad) VALUES
('Medicina interna'),
('Pediatría'),
('Cardiología'),
('Neurología'),
('Ginecología y Obstetricia'),
('Ortopedia y Traumatología'),
('Cirugía general'),
('Dermatología'),
('Oftalmología'),
('Otorrinolaringología'),
('Psiquiatría'),
('Endocrinología'),
('Urología'),
('Nefrología'),
('Gastroenterología'),
('Neumología'),
('Oncología'),
('Reumatología'),
('Anestesiología'),
('Emergenciología');

INSERT INTO alergias (alergias) VALUES
('Penicilina'),
('Polen'),
('Lácteos'),
('Mariscos'),
('Gluten'),
('Huevo'),
('Frutos secos'),
('Aspirina'),
('Sulfas'),
('Picaduras de abeja'),
('Latex'),
('Polvo'),
('Animales domésticos'),
('Moho'),
('Antiinflamatorios'),
('Colorantes alimentarios'),
('Cacahuate'),
('Soja'),
('Cítricos'),
('Medicamentos antiinflamatorios no esteroideos'),
('Perfumes'),
('Cloro'),
('Cosméticos'),
('Vacunas'),
('Plumas'),
('Fresas'),
('Otros');

INSERT INTO enfermedades_cronicas (enfermedad_cronica) VALUES
('Diabetes mellitus'),
('Hipertensión arterial'),
('Asma'),
('Epoc'),
('Insuficiencia cardíaca'),
('Insuficiencia renal crónica'),
('Artritis reumatoide'),
('Lupus'),
('Enfermedad de crohn'),
('Colitis ulcerativa'),
('Epilepsia'),
('Enfermedad de parkinson'),
('Alzheimer'),
('Cáncer'),
('Fibromialgia'),
('Osteoporosis'),
('Migraña crónica'),
('Enfermedad coronaria'),
('Hipotiroidismo'),
('Hipertiroidismo'),
('Obesidad'),
('Hipercolesterolemia'),
('Trastorno bipolar'),
('Depresión mayor'),
('Trastorno obsesivo compulsivo'),
('Esquizofrenia'),
('Psoriasis'),
('Dermatitis atópica'),
('Esofagitis crónica'),
('Cirrosis hepática'),
('Hepatitis b crónica'),
('Hepatitis c crónica'),
('Anemia crónica'),
('Glaucoma'),
('Cataratas crónicas'),
('Insuficiencia venosa crónica'),
('Esclerosis múltiple'),
('Gota'),
('Valvulopatía'),
('Arritmia crónica');

INSERT INTO estado_cita (estado) VALUES
('Pendiente'),
('Atendida'),
('Cancelada'),
('Reprogramada'),
('No asistió'),
('Confirmada'),
('En sala de espera'),
('En consulta'),
('Finalizada'),
('En proceso de pago'),
('Cita por teléfono'),
('Cita virtual'),
('Urgente'),
('Derivada'),
('En revisión');

INSERT INTO diagnostico (diagnostico) VALUES
('Infección respiratoria aguda'),
('Gripe'),
('Faringitis'),
('Bronquitis'),
('Neumonía'),
('Asma aguda'),
('Epoc descompensado'),
('Insuficiencia cardíaca aguda'),
('Angina de pecho'),
('Infarto agudo de miocardio'),
('Arritmia'),
('Hipertensión arterial'),
('Diabetes mellitus tipo 2'),
('Hipoglucemia'),
('Gastroenteritis aguda'),
('Diarrea'),
('Colitis'),
('Úlcera gástrica'),
('Reflujo gastroesofágico'),
('Hepatitis viral'),
('Cirrosis hepática'),
('Colecistitis'),
('Apendicitis aguda'),
('Cólico renal'),
('Infección de vías urinarias'),
('Cistitis'),
('Pielonefritis'),
('Litiasis renal'),
('Insuficiencia renal crónica'),
('Artritis'),
('Artrosis'),
('Lumbalgia'),
('Cervicalgia'),
('Migraña'),
('Cefalea tensional'),
('Epilepsia'),
('Accidente cerebrovascular'),
('Parkinson'),
('Alzheimer'),
('Anemia ferropénica'),
('Leucemia'),
('Linfoma'),
('Psoriasis'),
('Dermatitis atópica'),
('Alergia respiratoria'),
('Urticaria'),
('Conjuntivitis'),
('Otitis media'),
('Sinusitis'),
('Rinitis alérgica'),
('Otalgia'),
('Hernia discal'),
('Esguince de tobillo'),
('Fractura de radio'),
('Fractura de fémur'),
('Traumatismo craneoencefálico'),
('Herida cortante'),
('Quemadura leve'),
('Obesidad'),
('Desnutrición'),
('Trastorno de ansiedad'),
('Depresión mayor'),
('Trastorno bipolar'),
('Esquizofrenia'),
('Trastorno obsesivo compulsivo'),
('Trastorno del sueño'),
('Embarazo normal'),
('Embarazo de alto riesgo'),
('Preeclampsia'),
('Diabetes gestacional'),
('Infección urinaria en embarazo'),
('Parto vaginal'),
('Cesárea'),
('Amenorrea'),
('Dislipidemia'),
('Hipercolesterolemia'),
('Hipotiroidismo'),
('Hipertiroidismo'),
('Valvulopatía'),
('Enfermedad pulmonar intersticial'),
('Fibromialgia'),
('Gota'),
('Dermatitis seborreica'),
('Apendicitis crónica'),
('Anemia crónica'),
('Trastorno de pánico'),
('Neumotórax'),
('Peritonitis'),
('Meningitis'),
('Otitis externa'),
('Cáncer de pulmón'),
('Cáncer de mama'),
('Cáncer de colon'),
('Cáncer gástrico'),
('Cáncer de próstata'),
('Cáncer de hígado'),
('Cáncer de páncreas'),
('Cáncer de ovario'),
('Cáncer de vejiga'),
('Cáncer de riñón'),
('Cáncer de piel'),
('Cáncer de tiroides'),
('Cáncer de útero'),
('Cáncer de testículo'),
('Cáncer de laringe'),
('Cáncer de esófago'),
('Cáncer de cerebro'),
('Cáncer de hueso'),
('Cáncer de sangre'),
('Cáncer de linfa'),
('Sepsis'),
('Shock séptico'),
('Shock cardiogénico'),
('Shock hipovolémico'),
('Síncope'),
('Eclampsia'),
('Endometriosis'),
('Mioma uterino'),
('Quiste ovárico'),
('Hiperplasia prostática benigna'),
('Esclerosis múltiple'),
('Esclerosis lateral amiotrófica'),
('Distrofia muscular'),
('Síndrome de guillain-barré'),
('Polineuropatía'),
('Glomerulonefritis'),
('Nefritis intersticial'),
('Nefropatía diabética'),
('Insuficiencia hepática'),
('Enfermedad celíaca'),
('Pancreatitis aguda'),
('Pancreatitis crónica'),
('Enfermedad de crohn'),
('Colitis ulcerativa'),
('Hemorroides'),
('Fisura anal'),
('Fístula anal'),
('Absceso perianal'),
('Varices esofágicas'),
('Enfermedad de ménière'),
('Hipoacusia'),
('Cataratas'),
('Glaucoma'),
('Desprendimiento de retina'),
('Retinopatía diabética'),
('Trombosis venosa profunda'),
('Tromboflebitis'),
('Trombosis arterial'),
('Infarto cerebral'),
('Hemorragia cerebral'),
('Hematoma subdural'),
('Hematoma epidural'),
('Hematoma intracerebral'),
('Meningioma'),
('Absceso cerebral'),
('Enfermedad pulmonar obstructiva crónica'),
('Bronquiolitis'),
('Tuberculosis pulmonar'),
('Tuberculosis extrapulmonar'),
('Pleuritis'),
('Derrame pleural'),
('Neumotórax espontáneo'),
('Aspergilosis pulmonar'),
('Histoplasmosis'),
('Silicosis'),
('Sarcoidosis'),
('Fibrosis pulmonar'),
('Hipertensión pulmonar'),
('Cardiopatía congénita'),
('Prolapso de válvula mitral'),
('Insuficiencia mitral'),
('Insuficiencia aórtica'),
('Estenosis aórtica'),
('Estenosis mitral'),
('Endocarditis'),
('Pericarditis'),
('Miocarditis'),
('Taquicardia paroxística supraventricular'),
('Bradicardia'),
('Síndrome de apnea del sueño'),
('Síndrome metabólico'),
('Hipertrigliceridemia'),
('Enfermedad de addison'),
('Síndrome de cushing'),
('Feocromocitoma'),
('Insuficiencia suprarrenal'),
('Hipercalcemia'),
('Hipocalcemia'),
('Hipopotasemia'),
('Hiperpotasemia'),
('Síndrome nefrótico'),
('Síndrome nefrítico'),
('Enfermedad de graves'),
('Enfermedad de hashimoto'),
('Deficiencia de vitamina d'),
('Deficiencia de vitamina b12'),
('Deficiencia de hierro'),
('Escorbuto'),
('Raquitismo'),
('Osteomalacia'),
('Osteoporosis avanzada'),
('Luxación de hombro'),
('Luxación de cadera'),
('Esguince cervical'),
('Esguince lumbar'),
('Traumatismo facial'),
('Fractura de costilla'),
('Fractura de tibia'),
('Fractura de clavícula'),
('Fractura de pelvis'),
('Fractura vertebral'),
('Contusión cerebral'),
('Hemorragia digestiva alta'),
('Hemorragia digestiva baja'),
('Anorexia nerviosa'),
('Bulimia nerviosa'),
('Trastorno por déficit de atención'),
('Trastorno del espectro autista'),
('Síndrome de asperger'),
('Enfermedad de meniere'),
('Acné severo'),
('Verrugas'),
('Herpes zóster'),
('Herpes simple'),
('Varicela'),
('Sarampión'),
('Rubeola'),
('Paperas'),
('Escarlatina'),
('Tos ferina'),
('Dengue'),
('Zika'),
('Chikungunya'),
('Paludismo'),
('Leishmaniasis'),
('Filariasis'),
('Teniasis'),
('Cisticercosis');

INSERT INTO medicamento (medicamento) VALUES
('Paracetamol'),
('Ibuprofeno'),
('Amoxicilina'),
('Ceftriaxona'),
('Azitromicina'),
('Metformina'),
('Insulina'),
('Enalapril'),
('Losartán'),
('Amlodipina'),
('Furosemida'),
('Omeprazol'),
('Ranitidina'),
('Lansoprazol'),
('Simvastatina'),
('Atorvastatina'),
('Rosuvastatina'),
('Clopidogrel'),
('Aspirina'),
('Warfarina'),
('Heparina'),
('Enoxaparina'),
('Metoprolol'),
('Carvedilol'),
('Propranolol'),
('Bisoprolol'),
('Digoxina'),
('Levofloxacino'),
('Ciprofloxacino'),
('Doxiciclina'),
('Clindamicina'),
('Penicilina'),
('Ampicilina'),
('Gentamicina'),
('Vancomicina'),
('Meropenem'),
('Imipenem'),
('Piperacilina tazobactam'),
('Sulfametoxazol trimetoprima'),
('Nitrofurantoína'),
('Fluconazol'),
('Itraconazol'),
('Ketoconazol'),
('Voriconazol'),
('Aciclovir'),
('Oseltamivir'),
('Ribavirina'),
('Lamivudina'),
('Tenofovir'),
('Lopinavir ritonavir'),
('Zidovudina'),
('Efavirenz'),
('Sofosbuvir'),
('Interferón alfa'),
('Prednisona'),
('Dexametasona'),
('Hidrocortisona'),
('Betametasona'),
('Mometasona'),
('Clobetasol'),
('Beclometasona'),
('Montelukast'),
('Salbutamol'),
('Bromuro de ipratropio'),
('Tiotropio'),
('Teofilina'),
('Codeína'),
('Morfina'),
('Tramadol'),
('Fentanilo'),
('Oxicodona'),
('Metadona'),
('Gabapentina'),
('Pregabalina'),
('Carbamazepina'),
('Fenitoína'),
('Ácido valproico'),
('Lamotrigina'),
('Levetiracetam'),
('Topiramato'),
('Clonazepam'),
('Diazepam'),
('Alprazolam'),
('Midazolam'),
('Lorazepam'),
('Risperidona'),
('Olanzapina'),
('Quetiapina'),
('Aripiprazol'),
('Haloperidol'),
('Sertralina'),
('Fluoxetina'),
('Paroxetina'),
('Escitalopram'),
('Amitriptilina'),
('Nortriptilina'),
('Duloxetina'),
('Venlafaxina'),
('Mirtazapina'),
('Bupropión'),
('Lithium'),
('Clorpromazina'),
('Sulpirida'),
('Tiaprida'),
('Valproato de magnesio'),
('Acido acetilsalicílico'),
('Diclofenaco'),
('Naproxeno'),
('Meloxicam'),
('Celecoxib'),
('Etoricoxib'),
('Colchicina'),
('Alopurinol'),
('Febuxostat'),
('Metotrexato'),
('Azatioprina'),
('Ciclosporina'),
('Tacrolimus'),
('Micofenolato mofetil'),
('Sulfasalazina'),
('Hidroxicloroquina'),
('Infliximab'),
('Adalimumab'),
('Etanercept'),
('Insulina glargina'),
('Insulina NPH'),
('Insulina lispro'),
('Glibenclamida'),
('Gliclazida'),
('Repaglinida'),
('Sitagliptina'),
('Linagliptina'),
('Vildagliptina'),
('Canagliflozina'),
('Dapagliflozina'),
('Empagliflozina'),
('Pioglitazona'),
('Rosiglitazona'),
('Ezetimiba'),
('Gemfibrozilo'),
('Fenofibrato'),
('Eritropoyetina'),
('Hierro oral'),
('Hierro intravenoso'),
('Ácido fólico'),
('Cianocobalamina'),
('Calcio'),
('Vitamina d'),
('Vitamina b12'),
('Complejo b'),
('Vitamina c'),
('Multivitamínico'),
('Cloruro de potasio'),
('Cloruro de sodio'),
('Gluconato de calcio'),
('Bicarbonato de sodio'),
('Alopurinol'),
('Mebendazol'),
('Albendazol'),
('Metronidazol'),
('Tinidazol'),
('Cloroquina'),
('Primaquina'),
('Ivermectina'),
('Praziquantel'),
('Niclosamida'),
('Rifampicina'),
('Isoniazida'),
('Pirazinamida'),
('Etambutol'),
('Estreptomicina'),
('Cicloserina'),
('Amikacina'),
('Kanamicina'),
('Claritromicina'),
('Eritromicina'),
('Azitromicina suspensión'),
('Cefalexina'),
('Cefuroxima'),
('Cefepima'),
('Ceftazidima'),
('Cefotaxima'),
('Cefazolina'),
('Ampicilina sulbactam'),
('Amoxicilina clavulanato'),
('Piperacilina'),
('Tazobactam'),
('Linezolid'),
('Tigeciclina'),
('Daptomicina'),
('Cloranfenicol'),
('Tobramicina'),
('Cotrimoxazol'),
('Nistatina'),
('Griseofulvina'),
('Terbinafina'),
('Clotrimazol'),
('Miconazol'),
('Ketotifeno'),
('Loratadina'),
('Desloratadina'),
('Cetirizina'),
('Fexofenadina'),
('Hidroxicina'),
('Montelukast granulado'),
('Albuterol'),
('Formoterol'),
('Budesonida'),
('Fluticasona'),
('Salbutamol inhalador'),
('Salmeterol'),
('Xantina'),
('Difenhidramina'),
('Prometazina'),
('Ondansetrón'),
('Metoclopramida'),
('Domperidona'),
('Butilhioscina'),
('Hioscina'),
('Loperamida'),
('Racecadotrilo'),
('Budesonida nebulizable'),
('Sulfato ferroso'),
('Polietilenglicol'),
('Bisacodilo');

INSERT INTO dosis (dosis) VALUES
('500 mg'),
('250 mg'),
('100 mg'),
('50 mg'),
('25 mg'),
('10 mg'),
('5 mg'),
('1 g'),
('2 g'),
('3 g'),
('4 g'),
('500 mcg'),
('100 mcg'),
('200 mcg'),
('400 mcg'),
('800 mcg'),
('2 ml'),
('5 ml'),
('10 ml'),
('20 ml'),
('40 ml'),
('100 ml'),
('250 ml'),
('500 ml'),
('1 l'),
('1 tableta diaria'),
('1 tableta cada 12 horas'),
('1 tableta cada 8 horas'),
('1 tableta cada 24 horas'),
('1 tableta cada 6 horas'),
('2 tabletas al día'),
('2 tabletas cada 8 horas'),
('1 cápsula diaria'),
('1 cápsula cada 12 horas'),
('1 cápsula cada 8 horas'),
('1 cápsula cada 24 horas'),
('2 cápsulas al día'),
('1 ampolla'),
('2 ampollas'),
('3 ampollas'),
('1 gota'),
('2 gotas'),
('3 gotas'),
('4 gotas'),
('5 gotas'),
('10 gotas'),
('20 gotas'),
('30 gotas'),
('5 ml cada 12 horas'),
('5 ml cada 8 horas'),
('5 ml cada 6 horas'),
('10 ml cada 12 horas'),
('10 ml cada 8 horas'),
('10 ml cada 6 horas'),
('15 ml cada 8 horas'),
('20 ml cada 12 horas'),
('20 ml cada 8 horas'),
('30 ml cada 12 horas'),
('30 ml cada 8 horas'),
('100 mg cada 8 horas'),
('100 mg cada 12 horas'),
('250 mg cada 8 horas'),
('250 mg cada 12 horas'),
('500 mg cada 8 horas'),
('500 mg cada 12 horas'),
('1 inhalación'),
('2 inhalaciones'),
('1 nebulización'),
('2 nebulizaciones al día'),
('1 parche diario'),
('1 parche cada 72 horas'),
('1 supositorio'),
('2 supositorios'),
('1 óvulo'),
('2 óvulos'),
('Aplicar capa fina'),
('Aplicar dos veces al día'),
('Aplicar tres veces al día'),
('Aplicar cada 12 horas'),
('Aplicar cada 8 horas'),
('Aplicar cada 24 horas'),
('1 sobre cada 24 horas'),
('1 sobre cada 12 horas'),
('1 sobre cada 8 horas'),
('1 vial'),
('2 viales'),
('1 pastilla cada 8 horas'),
('1 pastilla cada 12 horas'),
('1 pastilla cada 24 horas'),
('1 pastilla diaria'),
('2 pastillas al día'),
('0.5 mg'),
('0.25 mg'),
('0.1 mg'),
('60 mg'),
('75 mg'),
('150 mg'),
('300 mg'),
('600 mg'),
('900 mg'),
('1200 mg'),
('1800 mg'),
('1 puff cada 12 horas'),
('1 puff cada 24 horas'),
('2 puff cada 12 horas'),
('2 puff cada 24 horas'),
('1 dosis única'),
('Dosis inicial'),
('Dosis de mantenimiento'),
('Dosis máxima'),
('Dosis pediátrica'),
('Dosis adulto'),
('Dosis ajustada a peso'),
('Dosis ajustada a edad'),
('0.05 mg'),
('0.03 mg'),
('0.015 mg'),
('0.0075 mg'),
('20 mg'),
('30 mg'),
('40 mg'),
('80 mg'),
('160 mg'),
('320 mg'),
('480 mg'),
('960 mg'),
('12 mg'),
('24 mg'),
('36 mg'),
('48 mg'),
('60 mg cada 12 horas'),
('75 mg cada 12 horas'),
('100 mg cada 24 horas'),
('250 mg cada 24 horas'),
('500 mg cada 24 horas'),
('Infusión continua'),
('Bolo intravenoso'),
('Inyección subcutánea'),
('Inyección intramuscular'),
('Inyección intravenosa'),
('Vía oral'),
('Vía tópica'),
('Vía inhalatoria'),
('Vía rectal'),
('Vía vaginal'),
('Vía oftálmica'),
('Vía nasal'),
('Vía sublingual');

INSERT INTO tratamiento (duracion, id_medicamento, id_dosis) VALUES
('5 días', 1, 1),
('7 días', 2, 2),
('10 días', 3, 3),
('14 días', 4, 4),
('30 días', 5, 5),
('1 mes', 6, 6),
('2 meses', 7, 7),
('1 día', 8, 8),
('2 días', 9, 9),
('3 días', 10, 10),
('15 días', 11, 11),
('21 días', 12, 12),
('4 días', 13, 13),
('6 días', 14, 14),
('12 días', 15, 15),
('20 días', 16, 16),
('9 días', 17, 17),
('18 días', 18, 18),
('24 horas', 19, 19),
('72 horas', 20, 20),
('1 semana', 21, 21),
('2 semanas', 22, 22),
('3 semanas', 23, 23),
('4 semanas', 24, 24),
('1 año', 25, 25),
('Dosis única', 26, 26),
('Tratamiento continuo', 27, 27),
('Uso según indicación', 28, 28),
('Dosis diaria', 29, 29),
('Dosis semanal', 30, 30),
('Dosis mensual', 31, 31),
('Cada 8 horas', 32, 32),
('Cada 12 horas', 33, 33),
('Cada 24 horas', 34, 34),
('Cada 6 horas', 35, 35),
('Antes de dormir', 36, 36),
('En ayunas', 37, 37),
('Después de comer', 38, 38),
('Durante 4 semanas', 39, 39),
('Durante 8 semanas', 40, 40),
('Cada 48 horas', 41, 41),
('Cada 72 horas', 42, 42),
('Durante 3 meses', 43, 43),
('Durante 6 meses', 44, 44),
('Cada 2 días', 45, 45),
('Durante el embarazo', 46, 46),
('Durante lactancia', 47, 47),
('Según necesidad', 48, 48),
('En caso de dolor', 49, 49),
('Según síntomas', 50, 50),
('5 días', 51, 51),
('7 días', 52, 52),
('10 días', 53, 53),
('14 días', 54, 54),
('30 días', 55, 55),
('1 mes', 56, 56),
('2 meses', 57, 57),
('1 día', 58, 58),
('2 días', 59, 59),
('3 días', 60, 60),
('15 días', 61, 61),
('21 días', 62, 62),
('4 días', 63, 63),
('6 días', 64, 64),
('12 días', 65, 65),
('20 días', 66, 66),
('9 días', 67, 67),
('18 días', 68, 68),
('24 horas', 69, 69),
('72 horas', 70, 70),
('1 semana', 71, 71),
('2 semanas', 72, 72),
('3 semanas', 73, 73),
('4 semanas', 74, 74),
('1 año', 75, 75),
('Dosis única', 76, 76),
('Tratamiento continuo', 77, 77),
('Uso según indicación', 78, 78),
('Dosis diaria', 79, 79),
('Dosis semanal', 80, 80),
('Dosis mensual', 81, 81),
('Cada 8 horas', 82, 82),
('Cada 12 horas', 83, 83),
('Cada 24 horas', 84, 84),
('Cada 6 horas', 85, 85),
('Antes de dormir', 86, 86),
('En ayunas', 87, 87),
('Después de comer', 88, 88),
('Durante 4 semanas', 89, 89),
('Durante 8 semanas', 90, 90),
('Cada 48 horas', 91, 91),
('Cada 72 horas', 92, 92),
('Durante 3 meses', 93, 93),
('Durante 6 meses', 94, 94),
('Cada 2 días', 95, 95),
('Durante el embarazo', 96, 96),
('Durante lactancia', 97, 97),
('Según necesidad', 98, 98),
('En caso de dolor', 99, 99),
('Según síntomas', 100, 100),
('5 días', 101, 101),
('7 días', 102, 102),
('10 días', 103, 103),
('14 días', 104, 104),
('30 días', 105, 105),
('1 mes', 106, 106),
('2 meses', 107, 107),
('1 día', 108, 108),
('2 días', 109, 109),
('3 días', 110, 110),
('15 días', 111, 111),
('21 días', 112, 112),
('4 días', 113, 113),
('6 días', 114, 114),
('12 días', 115, 115),
('20 días', 116, 116),
('9 días', 117, 117),
('18 días', 118, 118),
('24 horas', 119, 119),
('72 horas', 120, 120),
('1 semana', 121, 121),
('2 semanas', 122, 122),
('3 semanas', 123, 123),
('4 semanas', 124, 124),
('1 año', 125, 125),
('Dosis única', 126, 126),
('Tratamiento continuo', 127, 127),
('Uso según indicación', 128, 128),
('Dosis diaria', 129, 129),
('Dosis semanal', 130, 130),
('Dosis mensual', 131, 131),
('Cada 8 horas', 132, 132),
('Cada 12 horas', 133, 133),
('Cada 24 horas', 134, 134),
('Cada 6 horas', 135, 135),
('Antes de dormir', 136, 136),
('En ayunas', 137, 137),
('Después de comer', 138, 138),
('Durante 4 semanas', 139, 139),
('Durante 8 semanas', 140, 140),
('Cada 48 horas', 141, 141),
('Cada 72 horas', 142, 142),
('Durante 3 meses', 143, 143),
('Durante 6 meses', 144, 144),
('Cada 2 días', 145, 145),
('Durante el embarazo', 146, 1),
('Durante lactancia', 147, 2),
('Según necesidad', 148, 3),
('En caso de dolor', 149, 4),
('Según síntomas', 150, 5),
('5 días', 151, 6),
('7 días', 152, 7),
('10 días', 153, 8),
('14 días', 154, 9),
('30 días', 155, 10),
('1 mes', 156, 11),
('2 meses', 157, 12),
('1 día', 158, 13),
('2 días', 159, 14),
('3 días', 160, 15),
('15 días', 161, 16),
('21 días', 162, 17),
('4 días', 163, 18),
('6 días', 164, 19),
('12 días', 165, 20),
('20 días', 166, 21),
('9 días', 167, 22),
('18 días', 168, 23),
('24 horas', 169, 24),
('72 horas', 170, 25),
('1 semana', 171, 26),
('2 semanas', 172, 27),
('3 semanas', 173, 28),
('4 semanas', 174, 29),
('1 año', 175, 30),
('Dosis única', 176, 31),
('Tratamiento continuo', 177, 32),
('Uso según indicación', 178, 33),
('Dosis diaria', 179, 34),
('Dosis semanal', 180, 35),
('Dosis mensual', 181, 36),
('Cada 8 horas', 182, 37),
('Cada 12 horas', 183, 38),
('Cada 24 horas', 184, 39),
('Cada 6 horas', 185, 40),
('Antes de dormir', 186, 41),
('En ayunas', 187, 42),
('Después de comer', 188, 43),
('Durante 4 semanas', 189, 44),
('Durante 8 semanas', 190, 45),
('Cada 48 horas', 191, 46),
('Cada 72 horas', 192, 47),
('Durante 3 meses', 193, 48),
('Durante 6 meses', 194, 49),
('Cada 2 días', 195, 50),
('Durante el embarazo', 196, 51),
('Durante lactancia', 197, 52),
('Según necesidad', 198, 53),
('En caso de dolor', 199, 54),
('Según síntomas', 200, 55),
('Tratamiento prolongado', 201, 56),
('Dosis alterna', 202, 57),
('Bajo indicación médica', 203, 58),
('Con ajuste renal', 204, 59),
('Con ajuste hepático', 205, 60),
('Cada 4 horas', 206, 61),
('Solo si persisten síntomas', 207, 62),
('Durante crisis', 208, 63),
('Hasta remisión', 209, 64);

NSERT INTO paciente (nombre, apellido, dui, fecha_nacimiento, direccion, telefono, email, fecha_registro, id_historial_medico) VALUES
('Marta', 'Villanueva Varela', '71204072-8', '1961-04-09', 'Distrito Chalatenango, Chalatenango, Chalatenango', 69656761, 'marta.villanueva1961@gmail.com', '2022-08-22', NULL),
('Lucía', 'Alas Argueta', '46447977-6', '1989-04-18', 'Distrito La Unión, La Unión Centro, La Unión', 69402689, 'lucía.alas1989@gmail.com', '2024-01-18', NULL),
('Marina', 'Bermúdez Serpas', '49925748-4', '1978-11-06', 'Distrito Jiquilisco, Usulután Sur, Usulután', 75836535, 'marina.bermúdez1978@gmail.com', '2022-07-21', NULL),
('Joel', 'Zúniga Chicas', '38509406-3', '1966-03-22', 'Distrito San Miguel, San Miguel, San Miguel', 66927649, 'joel.zúniga1966@gmail.com', '2023-05-22', NULL),
('Julio', 'Ponce Navarrete', '62319283-6', '1972-03-26', 'Distrito Colón, La Libertad Oeste, La Libertad', 76533374, 'julio.ponce1972@gmail.com', '2023-12-25', NULL),
('Irma', 'Vega Mendoza', '32886820-1', '2003-08-14', 'Distrito Ilopango, San Salvador Este, San Salvador', 72802589, 'irma.vega2003@gmail.com', '2023-05-17', NULL),
('Norman', 'Vides Rivera', '75455725-5', '1977-01-28', 'Distrito Soyapango, San Salvador Este, San Salvador', 74066337, 'norman.vides1977@gmail.com', '2022-12-26', NULL),
('Yanira', 'Galdámez Olivares', '21270978-8', '1995-11-01', 'Distrito Mejicanos, San Salvador Norte, San Salvador', 79594081, 'yanira.galdámez1995@gmail.com', '2023-05-22', NULL),
('Isabel', 'Pineda Pacheco', '68451781-3', '1979-02-20', 'Distrito Ilopango, San Salvador Este, San Salvador', 66886652, 'isabel.pineda1979@gmail.com', '2023-11-19', NULL),
('Sara', 'Melgar Barrera', '39485694-3', '1972-08-12', 'Distrito Ilopango, San Salvador Este, San Salvador', 64891645, 'sara.melgar1972@gmail.com', '2023-12-01', NULL),
('Salvador', 'Villanueva Zepeda', '18866723-1', '1983-01-22', 'Distrito Colón, La Libertad Oeste, La Libertad', 66104371, 'salvador.villanueva1983@gmail.com', '2023-06-20', NULL),
('Ericka', 'Batres Guevara', '59120710-6', '1989-04-06', 'Distrito Usulután, Usulután, Usulután', 64440531, 'ericka.batres1989@gmail.com', '2022-11-24', NULL),
('Reyna', 'Carpio Salinas', '63705669-9', '1995-10-06', 'Distrito San Salvador, San Salvador, San Salvador', 75530064, 'reyna.carpio1995@gmail.com', '2023-02-14', NULL),
('Nuria', 'Gutiérrez Argueta', '71681693-8', '1949-09-23', 'Distrito San Vicente, San Vicente, San Vicente', 74096979, 'nuria.gutiérrez1949@gmail.com', '2022-09-09', NULL),
('Violeta', 'Villalta Sosa', '18203776-4', '1972-06-15', 'Distrito Jiquilisco, Usulután Sur, Usulután', 71574921, 'violeta.villalta1972@gmail.com', '2022-10-23', NULL),
('Sonia', 'Escobar Campos', '13527737-6', '1951-08-21', 'Distrito San Salvador, San Salvador, San Salvador', 68820388, 'sonia.escobar1951@gmail.com', '2023-12-24', NULL),
('Lucía', 'García Posada', '57317312-4', '1989-06-24', 'Distrito Aguilares, San Salvador Norte, San Salvador', 65285375, 'lucía.garcía1989@gmail.com', '2022-08-30', NULL),
('Óscar', 'Gómez Lemus', '15436157-1', '1976-05-17', 'Distrito Aguilares, San Salvador Norte, San Salvador', 71075762, 'óscar.gómez1976@gmail.com', '2023-08-31', NULL),
('Gilberto', 'Chavarría Bonilla', '68840733-4', '1970-04-04', 'Distrito San Juan Opico, La Libertad Norte, La Libertad', 78097562, 'gilberto.chavarría1970@gmail.com', '2023-10-02', NULL),
('Celia', 'Romero Castellanos', '38332737-9', '1986-07-18', 'Distrito Chalatenango, Chalatenango, Chalatenango', 77914887, 'celia.romero1986@gmail.com', '2024-03-21', NULL),
('Rosario', 'Calderón Rivas', '38148438-5', '1968-03-04', 'Distrito Santa Rosa de Lima, La Unión Sur, La Unión', 77992513, 'rosario.calderón1968@gmail.com', '2023-08-23', NULL),
('Jaime', 'Díaz Carpio', '17240750-5', '1976-02-27', 'Distrito Santa Tecla, La Libertad Este, La Libertad', 72502267, 'jaime.díaz1976@gmail.com', '2024-05-13', NULL),
('Marta', 'Medina Medrano', '78031218-9', '1952-07-20', 'Distrito Santa Rosa de Lima, La Unión Sur, La Unión', 74625199, 'marta.medina1952@gmail.com', '2024-03-10', NULL),
('Mirna', 'Moreno Aguilar', '58018596-9', '1964-09-14', 'Distrito Santa Tecla, La Libertad Este, La Libertad', 74120410, 'mirna.moreno1964@gmail.com', '2023-08-25', NULL),
('Iris', 'Villanueva Rosa', '48405687-9', '1978-06-28', 'Distrito Zacatecoluca, La Paz Centro, La Paz', 78471596, 'iris.villanueva1978@gmail.com', '2022-09-18', NULL),
('Brenda', 'Salinas Cáceres', '89624088-6', '1953-10-16', 'Distrito Apopa, San Salvador Norte, San Salvador', 78372036, 'brenda.salinas1953@gmail.com', '2022-08-21', NULL),
('Rodrigo', 'Argueta Posada', '95493292-8', '1988-08-12', 'Distrito Jiquilisco, Usulután Sur, Usulután', 65366855, 'rodrigo.argueta1988@gmail.com', '2023-09-05', NULL),
('Rodrigo', 'Moreno Flores', '69290804-7', '2005-08-14', 'Distrito Santa Rosa de Lima, La Unión Sur, La Unión', 77076861, 'rodrigo.moreno2005@gmail.com', '2023-01-11', NULL),
('Jonathan', 'Campos Chicas', '78044966-9', '2005-08-08', 'Distrito San Salvador, San Salvador, San Salvador', 67375790, 'jonathan.campos2005@gmail.com', '2024-03-09', NULL),
('Roxana', 'Arias Hernández', '53760292-1', '1988-07-30', 'Distrito Usulután, Usulután, Usulután', 64199592, 'roxana.arias1988@gmail.com', '2022-10-16', NULL),
('Arturo', 'Varela Jiménez', '79563389-4', '1953-02-28', 'Distrito Sonsonate, Sonsonate Centro, Sonsonate', 73253756, 'arturo.varela1953@gmail.com', '2023-03-03', NULL),
('Liliana', 'Mendoza Cáceres', '37745952-8', '1958-06-29', 'Distrito Santa Rosa de Lima, La Unión Sur, La Unión', 65391913, 'liliana.mendoza1958@gmail.com', '2023-10-23', NULL),
('Óscar', 'Navarrete Morales', '35435344-3', '1968-10-24', 'Distrito San Juan Opico, La Libertad Norte, La Libertad', 68453426, 'óscar.navarrete1968@gmail.com', '2023-02-25', NULL),
('Sandra', 'Lemus Argueta', '92318007-2', '1959-10-14', 'Distrito San Juan Opico, La Libertad Norte, La Libertad', 64908888, 'sandra.lemus1959@gmail.com', '2022-10-29', NULL),
('Abel', 'Chicas Flores', '20373302-1', '1961-09-23', 'Distrito Ciudad Delgado, San Salvador Norte, San Salvador', 68131467, 'abel.chicas1961@gmail.com', '2022-11-03', NULL),
('Mauricio', 'Villanueva Campos', '78869772-2', '1959-01-18', 'Distrito San Miguel, San Miguel, San Miguel', 77920835, 'mauricio.villanueva1959@gmail.com', '2024-01-18', NULL),
('Karla', 'Batres Cañas', '45341553-9', '1946-05-25', 'Distrito Mejicanos, San Salvador Norte, San Salvador', 78882812, 'karla.batres1946@gmail.com', '2023-06-05', NULL),
('Carla', 'Huezo Paredes', '31262793-5', '1964-04-15', 'Distrito Aguilares, San Salvador Norte, San Salvador', 79333738, 'carla.huezo1964@gmail.com', '2024-04-17', NULL),
('Fredy', 'Rosa Aguilar', '58153134-6', '1963-07-03', 'Distrito Aguilares, San Salvador Norte, San Salvador', 74528073, 'fredy.rosa1963@gmail.com', '2022-11-11', NULL),
('Elmer', 'Ponce Serrano', '28020004-9', '1951-01-06', 'Distrito Soyapango, San Salvador Este, San Salvador', 75068303, 'elmer.ponce1951@gmail.com', '2023-10-01', NULL),
('Alfreda', 'Granillo Granados', '37164843-9', '2001-02-12', 'Distrito Zacatecoluca, La Paz Centro, La Paz', 73651636, 'alfreda.granillo2001@gmail.com', '2023-05-01', NULL),
('Iván', 'Jiménez Navarrete', '52924423-3', '1961-08-22', 'Distrito Sensuntepeque, Cabañas, Cabañas', 73483131, 'iván.jiménez1961@gmail.com', '2024-05-23', NULL),
('Leticia', 'Amaya Tejada', '59535698-9', '1976-11-18', 'Distrito Zacatecoluca, La Paz Centro, La Paz', 69473793, 'leticia.amaya1976@gmail.com', '2024-04-24', NULL),
('Ricardo', 'Villatoro Ayala', '11371205-2', '1983-05-15', 'Distrito Chalatenango, Chalatenango, Chalatenango', 63252149, 'ricardo.villatoro1983@gmail.com', '2023-06-29', NULL),
('Marina', 'Chicas Cordero', '84840003-4', '1947-08-08', 'Distrito Apopa, San Salvador Norte, San Salvador', 64281666, 'marina.chicas1947@gmail.com', '2023-11-22', NULL),
('Daisy', 'Villatoro Avilés', '39107184-8', '1993-09-20', 'Distrito Cuscatancingo, San Salvador Norte, San Salvador', 73274865, 'daisy.villatoro1993@gmail.com', '2024-03-24', NULL),
('Dina', 'Mejía Arévalo', '19399138-3', '1948-10-28', 'Distrito San Vicente, San Vicente, San Vicente', 71478205, 'dina.mejía1948@gmail.com', '2024-01-24', NULL),
('César', 'Cañas Zúniga', '59491414-7', '1984-03-05', 'Distrito Apopa, San Salvador Norte, San Salvador', 74874104, 'césar.cañas1984@gmail.com', '2023-09-23', NULL),
('Margarita', 'Santana Morán', '26509916-5', '1978-03-14', 'Distrito Santiago Texacuangos, San Salvador Este, San Salvador', 68752942, 'margarita.santana1978@gmail.com', '2024-04-09', NULL),
('Oswaldo', 'Herrera Morales', '71639111-8', '1971-04-09', 'Distrito Jiquilisco, Usulután Sur, Usulután', 67765145, 'oswaldo.herrera1971@gmail.com', '2023-12-27', NULL),
('Guillermo', 'Melgar Medina', '60689973-4', '1962-03-20', 'Distrito Sensuntepeque, Cabañas, Cabañas', 77474349, 'guillermo.melgar1962@gmail.com', '2022-10-14', NULL),
('Daniela', 'Campos Arévalo', '40785387-6', '1963-11-17', 'Distrito Santa Tecla, La Libertad Este, La Libertad', 76088256, 'daniela.campos1963@gmail.com', '2023-07-01', NULL),
('Ericka', 'Hernández Navarrete', '41555583-8', '1989-11-16', 'Distrito Santa Ana, Santa Ana Centro, Santa Ana', 63144416, 'ericka.hernández1989@gmail.com', '2024-01-13', NULL),
('Jaime', 'Vides Amaya', '72494711-1', '1975-08-02', 'Distrito Jiquilisco, Usulután Sur, Usulután', 79657024, 'jaime.vides1975@gmail.com', '2022-10-12', NULL),
('Mildred', 'Estrada Medina', '12431683-1', '1987-02-05', 'Distrito Mejicanos, San Salvador Norte, San Salvador', 62363103, 'mildred.estrada1987@gmail.com', '2024-03-21', NULL),
('Nidia', 'Dinarte Lopez', '63685230-4', '2003-02-21', 'Distrito Usulután, Usulután, Usulután', 74441216, 'nidia.dinarte2003@gmail.com', '2024-02-06', NULL),
('Benjamín', 'Granados Vásquez', '24663087-3', '1977-05-28', 'Distrito Sensuntepeque, Cabañas, Cabañas', 72570216, 'benjamín.granados1977@gmail.com', '2023-01-08', NULL),
('Nora', 'Bonilla Carrillo', '62727120-3', '1992-12-18', 'Distrito Santa Ana, Santa Ana Centro, Santa Ana', 79913264, 'nora.bonilla1992@gmail.com', '2024-03-18', NULL),
('Nuria', 'Cruz Peraza', '41394070-1', '1995-10-15', 'Distrito Acajutla, Sonsonate Sur, Sonsonate', 65603324, 'nuria.cruz1995@gmail.com', '2024-05-22', NULL),
('Carmen', 'Navarrete García', '85497631-3', '1958-08-27', 'Distrito San Juan Opico, La Libertad Norte, La Libertad', 61695775, 'carmen.navarrete1958@gmail.com', '2022-09-01', NULL),
('Yessica', 'Villanueva Villanueva', '82416569-1', '1992-10-17', 'Distrito La Unión, La Unión Centro, La Unión', 77217684, 'yessica.villanueva1992@gmail.com', '2022-10-07', NULL),
('Ovidio', 'Carpio Alfaro', '78868713-6', '1970-02-17', 'Distrito La Unión, La Unión Centro, La Unión', 63320662, 'ovidio.carpio1970@gmail.com', '2022-07-17', NULL),
('Sofía', 'Sandoval Chavarría', '62665417-9', '1970-05-20', 'Distrito Santiago Texacuangos, San Salvador Este, San Salvador', 65792238, 'sofía.sandoval1970@gmail.com', '2023-08-19', NULL),
('Alejandro', 'Chacón Aguilar', '96039366-3', '1959-09-08', 'Distrito La Unión, La Unión Centro, La Unión', 75872099, 'alejandro.chacón1959@gmail.com', '2023-01-03', NULL),
('Ernesto', 'Navarrete Martínez', '42392988-2', '1999-02-19', 'Distrito La Unión, La Unión Centro, La Unión', 61428873, 'ernesto.navarrete1999@gmail.com', '2024-05-13', NULL),
('Pedro', 'Ventura Figueroa', '96372087-9', '1997-06-07', 'Distrito Santa Rosa de Lima, La Unión Sur, La Unión', 77401497, 'pedro.ventura1997@gmail.com', '2023-06-28', NULL),
('Rebeca', 'Quintanilla Amaya', '68514216-9', '1996-11-21', 'Distrito Santiago Texacuangos, San Salvador Este, San Salvador', 75698324, 'rebeca.quintanilla1996@gmail.com', '2024-03-22', NULL),
('Karen', 'Arévalo Serpas', '50278793-8', '1992-09-03', 'Distrito Usulután, Usulután, Usulután', 78011951, 'karen.arévalo1992@gmail.com', '2023-04-18', NULL),
('Leticia', 'Linares Aguilar', '52609201-1', '1962-02-15', 'Distrito Jiquilisco, Usulután Sur, Usulután', 69066529, 'leticia.linares1962@gmail.com', '2024-05-12', NULL),
('Ovidio', 'Martínez Rosa', '34743852-3', '2006-04-09', 'Distrito Apopa, San Salvador Norte, San Salvador', 66173118, 'ovidio.martínez2006@gmail.com', '2023-03-04', NULL),
('Fabricio', 'Lopez Rosa', '45125713-8', '1966-08-12', 'Distrito Ilopango, San Salvador Este, San Salvador', 75378431, 'fabricio.lopez1966@gmail.com', '2024-03-10', NULL),
('Mónica', 'Rosa Santana', '67189646-2', '1968-07-28', 'Distrito Usulután, Usulután, Usulután', 67798371, 'mónica.rosa1968@gmail.com', '2022-11-05', NULL),
('Sandra', 'Sánchez Salinas', '69930760-9', '1975-01-17', 'Distrito Sonsonate, Sonsonate Centro, Sonsonate', 66829952, 'sandra.sánchez1975@gmail.com', '2022-09-19', NULL),
('Santos', 'Varela Rivas', '65626233-3', '1982-03-31', 'Distrito San Vicente, San Vicente, San Vicente', 75675703, 'santos.varela1982@gmail.com', '2023-03-10', NULL),
('Yanira', 'Bonilla Sandoval', '73145341-3', '1964-01-14', 'Distrito Chalatenango, Chalatenango, Chalatenango', 76895399, 'yanira.bonilla1964@gmail.com', '2024-03-26', NULL),
('Alba', 'Méndez Vega', '73281532-8', '1966-07-26', 'Distrito Sonsonate, Sonsonate Centro, Sonsonate', 71820665, 'alba.méndez1966@gmail.com', '2022-12-20', NULL),
('Mauricio', 'Martínez Herrera', '40924918-7', '1976-02-12', 'Distrito Chalatenango, Chalatenango, Chalatenango', 74238133, 'mauricio.martínez1976@gmail.com', '2024-05-17', NULL),
('Anayanci', 'Gámez Bonilla', '18056774-3', '1973-03-25', 'Distrito Chalatenango, Chalatenango, Chalatenango', 68467516, 'anayanci.gámez1973@gmail.com', '2024-06-02', NULL),
('Iris', 'Tejada Barrera', '59558081-2', '1946-06-04', 'Distrito Santiago Texacuangos, San Salvador Este, San Salvador', 74459952, 'iris.tejada1946@gmail.com', '2023-09-01', NULL),
('Alba', 'Mendoza Estrada', '29206539-3', '2003-08-19', 'Distrito Santa Tecla, La Libertad Este, La Libertad', 67814725, 'alba.mendoza2003@gmail.com', '2022-10-18', NULL),
('Gloria', 'Guzmán Sosa', '14556065-6', '1954-09-25', 'Distrito Cuscatancingo, San Salvador Norte, San Salvador', 79046944, 'gloria.guzmán1954@gmail.com', '2023-05-14', NULL),
('Carlos', 'Quintanilla Hernández', '40707944-5', '1972-11-14', 'Distrito Ahuachapán, Ahuachapán Norte, Ahuachapán', 63285644, 'carlos.quintanilla1972@gmail.com', '2022-07-18', NULL),
('Leticia', 'Guevara Chacón', '17221091-5', '1946-05-24', 'Distrito Mejicanos, San Salvador Norte, San Salvador', 62787227, 'leticia.guevara1946@gmail.com', '2024-04-06', NULL),
('Melvin', 'Maldonado Castillo', '53375533-9', '1965-10-10', 'Distrito Colón, La Libertad Oeste, La Libertad', 75808590, 'melvin.maldonado1965@gmail.com', '2023-08-29', NULL),
('Sandra', 'Alvarado Munguía', '50034839-7', '1977-08-24', 'Distrito Mejicanos, San Salvador Norte, San Salvador', 67485546, 'sandra.alvarado1977@gmail.com', '2023-11-29', NULL),
('Jonathan', 'Paredes Aguilera', '92748248-7', '1980-01-22', 'Distrito Santiago Texacuangos, San Salvador Este, San Salvador', 74449818, 'jonathan.paredes1980@gmail.com', '2023-05-30', NULL),
('Gilberto', 'Ventura Quintanilla', '71293317-8', '1949-07-22', 'Distrito Ahuachapán, Ahuachapán Norte, Ahuachapán', 78573788, 'gilberto.ventura1949@gmail.com', '2023-10-02', NULL),
('Karen', 'Sandoval Barahona', '26661386-3', '1966-07-17', 'Distrito San Vicente, San Vicente, San Vicente', 64783608, 'karen.sandoval1966@gmail.com', '2023-12-01', NULL),
('René', 'Flores Hernández', '40313567-4', '1974-05-15', 'Distrito Zacatecoluca, La Paz Centro, La Paz', 61076595, 'rené.flores1974@gmail.com', '2023-06-14', NULL),
('Wilfredo', 'Rosa Varela', '32211268-7', '1996-07-23', 'Distrito Ciudad Delgado, San Salvador Norte, San Salvador', 71273742, 'wilfredo.rosa1996@gmail.com', '2023-12-24', NULL),
('Claudia', 'Lemus Gámez', '50310217-3', '1972-04-23', 'Distrito Santa Rosa de Lima, La Unión Sur, La Unión', 77279508, 'claudia.lemus1972@gmail.com', '2024-04-30', NULL),
('Wilmer', 'Marroquín Sosa', '30033166-8', '1992-01-23', 'Distrito Tecoluca, San Vicente, San Vicente', 71361308, 'wilmer.marroquín1992@gmail.com', '2024-01-11', NULL),
('Wilfredo', 'Escamilla Mendoza', '61294669-4', '1960-08-20', 'Distrito Tecoluca, San Vicente, San Vicente', 77895705, 'wilfredo.escamilla1960@gmail.com', '2024-07-04', NULL),
('Aurora', 'Henríquez Guzmán', '48702876-4', '1967-07-16', 'Distrito Soyapango, San Salvador Este, San Salvador', 64120559, 'aurora.henríquez1967@gmail.com', '2023-11-27', NULL),
('Rebeca', 'Reyes Morales', '48879979-7', '1959-06-24', 'Distrito San Vicente, San Vicente, San Vicente', 68411262, 'rebeca.reyes1959@gmail.com', '2023-06-23', NULL),
('Adriana', 'Aguilar Vásquez', '11104695-4', '1983-07-12', 'Distrito Chalatenango, Chalatenango, Chalatenango', 74978251, 'adriana.aguilar1983@gmail.com', '2022-11-23', NULL),
('María José', 'Bermúdez Barahona', '12795507-5', '1978-07-17', 'Distrito San Juan Opico, La Libertad Norte, La Libertad', 73290267, 'maríajosé.bermúdez1978@gmail.com', '2022-12-05', NULL),
('Sonia', 'Luna Paredes', '32045546-8', '1962-12-19', 'Distrito Metapán, Santa Ana Norte, Santa Ana', 63876619, 'sonia.luna1962@gmail.com', '2023-01-19', NULL),
('Iris', 'Bonilla Campos', '14079636-4', '1987-10-30', 'Distrito San Salvador, San Salvador, San Salvador', 79861708, 'iris.bonilla1987@gmail.com', '2024-04-16', NULL),
('Iván', 'Olmedo Herrera', '19854564-2', '1990-06-11', 'Distrito La Unión, La Unión Centro, La Unión', 62916664, 'iván.olmedo1990@gmail.com', '2023-11-12', NULL),
('Marisol', 'Granados Flores', '36442151-9', '1970-09-17', 'Distrito Tecoluca, San Vicente, San Vicente', 75637303, 'marisol.granados1970@gmail.com', '2022-09-24', NULL),
('Gilberto', 'Vega Cardona', '88364924-5', '1988-01-07', 'Distrito San Juan Opico, La Libertad Norte, La Libertad', 63046557, 'gilberto.vega1988@gmail.com', '2022-11-30', NULL),
('Ernesto', 'Argueta Mendoza', '10109297-3', '1970-03-09', 'Distrito Santa Rosa de Lima, La Unión Sur, La Unión', 78919827, 'ernesto.argueta1970@gmail.com', '2023-07-16', NULL),
('Ligia', 'Guevara Umanzor', '87279875-7', '1969-06-04', 'Distrito San Salvador, San Salvador, San Salvador', 68406383, 'ligia.guevara1969@gmail.com', '2023-04-21', NULL),
('Alfredo', 'Méndez Aguilar', '94157095-4', '1987-10-10', 'Distrito Santa Tecla, La Libertad Este, La Libertad', 66349871, 'alfredo.méndez1987@gmail.com', '2022-07-27', NULL),
('Lorena', 'Amaya Guevara', '35044620-8', '2002-06-26', 'Distrito Acajutla, Sonsonate Sur, Sonsonate', 66530776, 'lorena.amaya2002@gmail.com', '2024-03-02', NULL),
('Jaime', 'Munguía Dinarte', '16054186-6', '1988-11-04', 'Distrito Apopa, San Salvador Norte, San Salvador', 78702488, 'jaime.munguía1988@gmail.com', '2023-11-19', NULL),
('Jaime', 'Marroquín Padilla', '94038704-6', '2005-07-22', 'Distrito Metapán, Santa Ana Norte, Santa Ana', 62017151, 'jaime.marroquín2005@gmail.com', '2024-03-12', NULL),
('Esteban', 'Menjívar Jiménez', '17439117-3', '1954-03-06', 'Distrito Tecoluca, San Vicente, San Vicente', 68900740, 'esteban.menjívar1954@gmail.com', '2022-12-11', NULL),
('Rosibel', 'Granados Ayala', '72449786-9', '2001-10-19', 'Distrito Ciudad Delgado, San Salvador Norte, San Salvador', 69095784, 'rosibel.granados2001@gmail.com', '2024-05-18', NULL),
('Sonia', 'Perdomo Peraza', '43618556-8', '1959-11-25', 'Distrito Acajutla, Sonsonate Sur, Sonsonate', 76500287, 'sonia.perdomo1959@gmail.com', '2023-08-13', NULL),
('Dina', 'Ortiz Gámez', '52766736-7', '1947-04-15', 'Distrito Santa Ana, Santa Ana Centro, Santa Ana', 66206052, 'dina.ortiz1947@gmail.com', '2023-04-09', NULL),
('Leticia', 'Munguía Flores', '71893546-9', '1997-03-23', 'Distrito Colón, La Libertad Oeste, La Libertad', 65484891, 'leticia.munguía1997@gmail.com', '2024-01-09', NULL),
('Marcela', 'Perla Medrano', '67199437-2', '1999-07-16', 'Distrito Metapán, Santa Ana Norte, Santa Ana', 79760828, 'marcela.perla1999@gmail.com', '2023-09-03', NULL),
('Oswaldo', 'Bonilla Franco', '53922977-4', '1969-02-04', 'Distrito Chalatenango, Chalatenango, Chalatenango', 68669052, 'oswaldo.bonilla1969@gmail.com', '2024-03-16', NULL),
('Celina', 'Amaya Pérez', '34314406-7', '1973-01-11', 'Distrito Aguilares, San Salvador Norte, San Salvador', 65294519, 'celina.amaya1973@gmail.com', '2024-03-23', NULL),
('Esteban', 'Guevara Barrios', '59513306-1', '1972-10-31', 'Distrito Sensuntepeque, Cabañas, Cabañas', 75286140, 'esteban.guevara1972@gmail.com', '2022-07-22', NULL),
('Ericka', 'Granados Medina', '20711193-9', '1974-03-24', 'Distrito Santa Tecla, La Libertad Este, La Libertad', 64819588, 'ericka.granados1974@gmail.com', '2024-02-14', NULL),
('Marvin', 'Meléndez Medrano', '12420824-8', '1983-02-22', 'Distrito Ilopango, San Salvador Este, San Salvador', 61600520, 'marvin.meléndez1983@gmail.com', '2023-01-28', NULL),
('Rafael', 'Sosa Figueroa', '54518139-2', '1961-09-14', 'Distrito Zacatecoluca, La Paz Centro, La Paz', 78002263, 'rafael.sosa1961@gmail.com', '2024-06-28', NULL),
('Marisela', 'Paredes Mazariego', '33193359-6', '1953-03-03', 'Distrito San Juan Opico, La Libertad Norte, La Libertad', 64601778, 'marisela.paredes1953@gmail.com', '2024-01-17', NULL),
('Maribel', 'Rivas Díaz', '75011453-4', '1987-07-21', 'Distrito Santa Rosa de Lima, La Unión Sur, La Unión', 62277617, 'maribel.rivas1987@gmail.com', '2022-09-11', NULL),
('Beatriz', 'Olivares Rosa', '31086443-4', '1948-03-11', 'Distrito Metapán, Santa Ana Norte, Santa Ana', 76744080, 'beatriz.olivares1948@gmail.com', '2024-03-23', NULL),
('Javier', 'Bonilla Argueta', '93434094-1', '1947-12-02', 'Distrito Sonsonate, Sonsonate Centro, Sonsonate', 63707364, 'javier.bonilla1947@gmail.com', '2023-05-17', NULL),
('Mauricio', 'Ponce Mendoza', '71473556-8', '2005-03-13', 'Distrito La Unión, La Unión Centro, La Unión', 68310815, 'mauricio.ponce2005@gmail.com', '2024-02-06', NULL),
('Irma', 'Chicas Montoya', '54429194-5', '2004-06-28', 'Distrito Santa Tecla, La Libertad Este, La Libertad', 73239631, 'irma.chicas2004@gmail.com', '2024-05-13', NULL),
('Karla', 'Galdámez Hernández', '22767765-9', '1995-06-16', 'Distrito Sonsonate, Sonsonate Centro, Sonsonate', 77132157, 'karla.galdámez1995@gmail.com', '2023-09-04', NULL),
('Victoria', 'González Padilla', '55406311-8', '1949-05-26', 'Distrito Apopa, San Salvador Norte, San Salvador', 64169543, 'victoria.gonzález1949@gmail.com', '2022-10-17', NULL),
('Lorena', 'Martínez Escobar', '52582320-8', '1984-11-02', 'Distrito Soyapango, San Salvador Este, San Salvador', 63019887, 'lorena.martínez1984@gmail.com', '2023-06-15', NULL),
('Sandra', 'Batista Reyes', '24714221-3', '1973-10-08', 'Distrito Apopa, San Salvador Norte, San Salvador', 66368247, 'sandra.batista1973@gmail.com', '2023-11-13', NULL),
('Sara', 'Guardado Franco', '44451584-3', '1998-11-16', 'Distrito San Juan Opico, La Libertad Norte, La Libertad', 78982829, 'sara.guardado1998@gmail.com', '2022-09-27', NULL),
('Claudia', 'Perdomo Moreno', '25376909-3', '1969-06-07', 'Distrito Soyapango, San Salvador Este, San Salvador', 62721116, 'claudia.perdomo1969@gmail.com', '2022-11-21', NULL),
('Esteban', 'Bonilla Huezo', '21826255-2', '1971-06-11', 'Distrito Colón, La Libertad Oeste, La Libertad', 61869862, 'esteban.bonilla1971@gmail.com', '2024-07-09', NULL),
('Manuel', 'Villatoro Argueta', '58770089-5', '1954-08-11', 'Distrito Santa Rosa de Lima, La Unión Sur, La Unión', 68286320, 'manuel.villatoro1954@gmail.com', '2023-12-27', NULL),
('Benjamín', 'Escalante Perdomo', '23096637-1', '1980-01-01', 'Distrito Metapán, Santa Ana Norte, Santa Ana', 77196096, 'benjamín.escalante1980@gmail.com', '2023-09-01', NULL),
('Reyna', 'López Salinas', '84792210-2', '1968-07-08', 'Distrito San Salvador, San Salvador, San Salvador', 61922812, 'reyna.lópez1968@gmail.com', '2023-10-22', NULL),
('Raúl', 'Maldonado Vides', '29958871-9', '1998-04-19', 'Distrito Santa Tecla, La Libertad Este, La Libertad', 64394753, 'raúl.maldonado1998@gmail.com', '2024-07-03', NULL),
('Nayeli', 'Maldonado Serpas', '22845265-3', '1971-05-24', 'Distrito Soyapango, San Salvador Este, San Salvador', 67386126, 'nayeli.maldonado1971@gmail.com', '2023-07-25', NULL),
('Carlos', 'Gómez Moreno', '78440828-5', '1973-07-13', 'Distrito San Juan Opico, La Libertad Norte, La Libertad', 65736459, 'carlos.gómez1973@gmail.com', '2023-02-18', NULL),
('Rafael', 'Pacheco Castellanos', '68802183-5', '1946-05-22', 'Distrito Zacatecoluca, La Paz Centro, La Paz', 67605417, 'rafael.pacheco1946@gmail.com', '2023-03-07', NULL),
('Rebeca', 'Villalta Bonilla', '12834546-5', '1983-02-06', 'Distrito San Juan Opico, La Libertad Norte, La Libertad', 62803809, 'rebeca.villalta1983@gmail.com', '2023-05-10', NULL),
('Karen', 'Hernández Valle', '82897391-7', '1971-05-18', 'Distrito Metapán, Santa Ana Norte, Santa Ana', 65342023, 'karen.hernández1971@gmail.com', '2024-04-11', NULL),
('Carlos', 'Marroquín Aguilera', '65785151-1', '1992-12-03', 'Distrito Zacatecoluca, La Paz Centro, La Paz', 78415412, 'carlos.marroquín1992@gmail.com', '2024-02-20', NULL),
('Liliana', 'Granillo Cruz', '87673773-2', '1996-02-05', 'Distrito San Miguel, San Miguel, San Miguel', 77949202, 'liliana.granillo1996@gmail.com', '2022-12-21', NULL),
('Beatriz', 'Olivares Lopez', '91278609-8', '1952-11-26', 'Distrito Ahuachapán, Ahuachapán Norte, Ahuachapán', 65666214, 'beatriz.olivares1952@gmail.com', '2022-12-19', NULL),
('Salvador', 'Barrios Sosa', '41091110-3', '1997-08-21', 'Distrito San Vicente, San Vicente, San Vicente', 74189749, 'salvador.barrios1997@gmail.com', '2022-07-25', NULL),
('Xiomara', 'Olmedo Pérez', '81633030-6', '1956-12-02', 'Distrito Mejicanos, San Salvador Norte, San Salvador', 71183602, 'xiomara.olmedo1956@gmail.com', '2022-08-06', NULL),
('Adela', 'Méndez Pacheco', '53332867-1', '1971-04-26', 'Distrito Santa Ana, Santa Ana Centro, Santa Ana', 76115605, 'adela.méndez1971@gmail.com', '2022-09-22', NULL),
('Oswaldo', 'Rivas Morales', '39999737-6', '1979-10-10', 'Distrito Lourdes, La Libertad Oeste, La Libertad', 66060871, 'oswaldo.rivas1979@gmail.com', '2024-05-17', NULL),
('Marta', 'Lopez Ayala', '25784250-3', '1965-08-25', 'Distrito Quezaltepeque, La Libertad Norte, La Libertad', 66257895, 'marta.lopez1965@gmail.com', '2024-06-15', NULL),
('Ever', 'García Escalante', '82116954-1', '1974-01-03', 'Distrito Usulután, Usulután, Usulután', 74510380, 'ever.garcía1974@gmail.com', '2022-08-25', NULL),
('Fredy', 'Morales Recinos', '86384079-3', '1996-06-29', 'Distrito Usulután, Usulután, Usulután', 67661747, 'fredy.morales1996@gmail.com', '2023-01-29', NULL),
('Doris', 'Magaña Rivas', '83674249-1', '1999-01-06', 'Distrito Chalatenango, Chalatenango, Chalatenango', 75543536, 'doris.magaña1999@gmail.com', '2022-10-30', NULL),
('Evelyn', 'Gámez Lopez', '20573562-1', '1993-04-09', 'Distrito Ahuachapán, Ahuachapán Norte, Ahuachapán', 67153940, 'evelyn.gámez1993@gmail.com', '2023-04-16', NULL),
('Edith', 'Escamilla Escamilla', '43711478-7', '1973-04-21', 'Distrito San Salvador, San Salvador, San Salvador', 62194832, 'edith.escamilla1973@gmail.com', '2023-08-06', NULL),
('Roxana', 'Campos Flores', '26651842-6', '1988-10-20', 'Distrito Metapán, Santa Ana Norte, Santa Ana', 69709052, 'roxana.campos1988@gmail.com', '2022-11-06', NULL),
('Victor', 'Molina Granillo', '37026038-6', '1957-05-31', 'Distrito Soyapango, San Salvador Este, San Salvador', 64689955, 'victor.molina1957@gmail.com', '2023-05-02', NULL),
('Francisco', 'Aguilar Henríquez', '11409020-5', '1962-12-23', 'Distrito Santiago Texacuangos, San Salvador Este, San Salvador', 74481555, 'francisco.aguilar1962@gmail.com', '2023-03-21', NULL),
('Blanca', 'Posada Marroquín', '91764651-6', '1991-02-18', 'Distrito San Juan Opico, La Libertad Norte, La Libertad', 74310833, 'blanca.posada1991@gmail.com', '2024-05-24', NULL),
('Adriana', 'Serpas Castellanos', '44936409-7', '1976-06-16', 'Distrito Sonsonate, Sonsonate Centro, Sonsonate', 61627836, 'adriana.serpas1976@gmail.com', '2023-05-07', NULL),
('Aurora', 'Batres Vides', '85338790-1', '1984-06-12', 'Distrito Cojutepeque, Cuscatlán, Cuscatlán', 62438901, 'aurora.batres1984@gmail.com', '2023-05-24', NULL),
('Carla', 'Sosa Flores', '38498385-3', '1963-01-20', 'Distrito Jiquilisco, Usulután Sur, Usulután', 63758529, 'carla.sosa1963@gmail.com', '2023-09-05', NULL),
('Enrique', 'Lemus Ramos', '36893798-2', '1956-11-02', 'Distrito Cojutepeque, Cuscatlán, Cuscatlán', 71792821, 'enrique.lemus1956@gmail.com', '2022-09-13', NULL),
('Mauricio', 'Argueta Barrera', '81390869-1', '1995-08-27', 'Distrito Sensuntepeque, Cabañas, Cabañas', 74775720, 'mauricio.argueta1995@gmail.com', '2023-10-24', NULL),
('Domingo', 'Zelaya Perdomo', '83113487-7', '1963-12-26', 'Distrito Chalatenango, Chalatenango, Chalatenango', 74835470, 'domingo.zelaya1963@gmail.com', '2023-05-18', NULL),
('Óscar', 'Zúniga Díaz', '34491515-8', '1953-07-24', 'Distrito Colón, La Libertad Oeste, La Libertad', 65169010, 'óscar.zúniga1953@gmail.com', '2022-12-21', NULL),
('Violeta', 'Arévalo Bonilla', '49893165-3', '1967-06-04', 'Distrito Chalatenango, Chalatenango, Chalatenango', 67241419, 'violeta.arévalo1967@gmail.com', '2022-11-06', NULL),
('Noé', 'Flores Flores', '72936170-2', '1948-04-28', 'Distrito Quezaltepeque, La Libertad Norte, La Libertad', 65734699, 'noé.flores1948@gmail.com', '2023-10-27', NULL),
('Zoila', 'Martínez Serrano', '85166139-9', '1959-11-14', 'Distrito Chalatenango, Chalatenango, Chalatenango', 66488041, 'zoila.martínez1959@gmail.com', '2023-07-29', NULL),
('Emilia', 'Guardado Vásquez', '26297709-2', '1965-01-09', 'Distrito Ilopango, San Salvador Este, San Salvador', 61324562, 'emilia.guardado1965@gmail.com', '2022-12-14', NULL),
('Ada', 'Villanueva Vega', '24099368-9', '1981-09-18', 'Distrito Santa Rosa de Lima, La Unión Sur, La Unión', 79467881, 'ada.villanueva1981@gmail.com', '2022-12-01', NULL),
('Mirna', 'Gómez Escamilla', '91251669-5', '1978-06-15', 'Distrito Chalatenango, Chalatenango, Chalatenango', 75538036, 'mirna.gómez1978@gmail.com', '2024-01-20', NULL),
('Hugo', 'Marroquín Montoya', '96379351-2', '1980-03-14', 'Distrito Sensuntepeque, Cabañas, Cabañas', 65499742, 'hugo.marroquín1980@gmail.com', '2023-08-12', NULL),
('Patricia', 'Olivares Orellana', '33017839-9', '1999-10-17', 'Distrito Apopa, San Salvador Norte, San Salvador', 78691781, 'patricia.olivares1999@gmail.com', '2023-06-18', NULL),
('Marisela', 'Cordero Flores', '76870650-6', '2004-11-17', 'Distrito Sonsonate, Sonsonate Centro, Sonsonate', 74685796, 'marisela.cordero2004@gmail.com', '2023-04-22', NULL),
('Nelson', 'Chicas Argumedo', '94096525-3', '1972-01-21', 'Distrito Apopa, San Salvador Norte, San Salvador', 64990715, 'nelson.chicas1972@gmail.com', '2023-05-26', NULL),
('Silvia', 'Rosa Martínez', '58674688-2', '2002-10-25', 'Distrito Soyapango, San Salvador Este, San Salvador', 65829565, 'silvia.rosa2002@gmail.com', '2024-03-12', NULL),
('Fabricio', 'Juárez Varela', '47195883-8', '2003-07-06', 'Distrito Cuscatancingo, San Salvador Norte, San Salvador', 65769794, 'fabricio.juárez2003@gmail.com', '2023-10-30', NULL),
('Silvia', 'Paredes Varela', '68350321-7', '1960-11-30', 'Distrito Lourdes, La Libertad Oeste, La Libertad', 72229663, 'silvia.paredes1960@gmail.com', '2022-09-18', NULL),
('Ernesto', 'Magaña Guardado', '63675528-1', '1947-06-11', 'Distrito San Salvador, San Salvador, San Salvador', 69168765, 'ernesto.magaña1947@gmail.com', '2022-08-07', NULL),
('Josué', 'Jiménez Franco', '67907451-9', '1958-08-20', 'Distrito Jiquilisco, Usulután Sur, Usulután', 69296882, 'josué.jiménez1958@gmail.com', '2022-07-27', NULL),
('Zuleyma', 'García Lopez', '33060447-4', '1983-04-01', 'Distrito Santa Tecla, La Libertad Este, La Libertad', 79635059, 'zuleyma.garcía1983@gmail.com', '2023-12-28', NULL),
('Marvin', 'Amaya Bonilla', '76603104-9', '1953-12-02', 'Distrito Santa Rosa de Lima, La Unión Sur, La Unión', 67095988, 'marvin.amaya1953@gmail.com', '2023-09-03', NULL),
('Cristian', 'Perdomo Hernández', '94197147-9', '2005-04-26', 'Distrito Tecoluca, San Vicente, San Vicente', 65902173, 'cristian.perdomo2005@gmail.com', '2023-02-15', NULL),
('Santos', 'Cortez Paredes', '11287329-6', '1999-08-25', 'Distrito Santiago Texacuangos, San Salvador Este, San Salvador', 72758017, 'santos.cortez1999@gmail.com', '2024-04-27', NULL),
('Lucía', 'Rosa Aguilar', '64232247-8', '1993-09-27', 'Distrito San Miguel, San Miguel, San Miguel', 79873222, 'lucía.rosa1993@gmail.com', '2023-10-25', NULL),
('Gloria', 'Cañas Aguilar', '98697723-8', '2004-01-07', 'Distrito Quezaltepeque, La Libertad Norte, La Libertad', 74150051, 'gloria.cañas2004@gmail.com', '2023-07-17', NULL),
('Dayana', 'Mendoza Batres', '31389299-4', '1991-01-02', 'Distrito Sensuntepeque, Cabañas, Cabañas', 75621845, 'dayana.mendoza1991@gmail.com', '2024-03-06', NULL),
('Guillermo', 'Flores Aguilera', '44946194-7', '1975-10-27', 'Distrito Santiago Texacuangos, San Salvador Este, San Salvador', 75823483, 'guillermo.flores1975@gmail.com', '2023-12-07', NULL),
('Elías', 'Ponce Rivas', '43913398-2', '2007-07-29', 'Distrito Ahuachapán, Ahuachapán Norte, Ahuachapán', 61710463, 'elías.ponce2007@gmail.com', '2022-08-24', NULL),
('Gustavo', 'Perdomo Rosa', '69766417-9', '1953-12-15', 'Distrito Lourdes, La Libertad Oeste, La Libertad', 79624521, 'gustavo.perdomo1953@gmail.com', '2024-06-11', NULL),
('Pedro', 'Alvarado Moreno', '59477458-6', '1969-01-15', 'Distrito Jiquilisco, Usulután Sur, Usulután', 63048681, 'pedro.alvarado1969@gmail.com', '2022-09-14', NULL),
('Francisco', 'Pacheco Paredes', '75585246-7', '1966-01-12', 'Distrito Jiquilisco, Usulután Sur, Usulután', 61104432, 'francisco.pacheco1966@gmail.com', '2023-09-28', NULL),
('Paola', 'Bonilla Juárez', '88912700-5', '1953-01-14', 'Distrito Cojutepeque, Cuscatlán, Cuscatlán', 73254678, 'paola.bonilla1953@gmail.com', '2023-03-13', NULL),
('Francisco', 'Figueroa Perla', '20865189-5', '1996-02-29', 'Distrito Ahuachapán, Ahuachapán Norte, Ahuachapán', 74775587, 'francisco.figueroa1996@gmail.com', '2024-07-06', NULL),
('Ligia', 'Recinos Chicas', '55526900-3', '1981-05-05', 'Distrito Cojutepeque, Cuscatlán, Cuscatlán', 71627925, 'ligia.recinos1981@gmail.com', '2022-10-20', NULL),
('Gilberto', 'Ayala Melara', '73476539-4', '1954-07-19', 'Distrito Ahuachapán, Ahuachapán Norte, Ahuachapán', 63222812, 'gilberto.ayala1954@gmail.com', '2024-06-29', NULL),
('Anayanci', 'Barrios Salinas', '16683333-6', '1996-08-17', 'Distrito San Miguel, San Miguel, San Miguel', 77018958, 'anayanci.barrios1996@gmail.com', '2024-07-12', NULL),
('Ericka', 'Rivera Granados', '97957637-2', '1967-11-01', 'Distrito Quezaltepeque, La Libertad Norte, La Libertad', 76145361, 'ericka.rivera1967@gmail.com', '2024-01-16', NULL),
('Mauricio', 'Meléndez Mazariego', '56307501-2', '2004-01-11', 'Distrito Metapán, Santa Ana Norte, Santa Ana', 79004025, 'mauricio.meléndez2004@gmail.com', '2023-07-15', NULL),
('Roberto', 'Chicas Lemus', '24002917-4', '1976-03-21', 'Distrito Usulután, Usulután, Usulután', 68952499, 'roberto.chicas1976@gmail.com', '2023-09-16', NULL),
('Florinda', 'Morales Cruz', '69609260-9', '1960-02-12', 'Distrito Acajutla, Sonsonate Sur, Sonsonate', 63466393, 'florinda.morales1960@gmail.com', '2022-11-14', NULL),
('Esther', 'Orellana Arias', '76945617-9', '1947-11-15', 'Distrito Jiquilisco, Usulután Sur, Usulután', 66330719, 'esther.orellana1947@gmail.com', '2023-06-30', NULL),
('Fredy', 'Jiménez Campos', '60010541-5', '1959-08-01', 'Distrito Soyapango, San Salvador Este, San Salvador', 65938579, 'fredy.jiménez1959@gmail.com', '2023-10-21', NULL),
('Margarita', 'Lemus Bonilla', '38057290-3', '1989-11-28', 'Distrito Apopa, San Salvador Norte, San Salvador', 62913049, 'margarita.lemus1989@gmail.com', '2022-09-20', NULL),
('Kevin', 'Arias Méndez', '46098374-7', '1954-08-02', 'Distrito Santa Ana, Santa Ana Centro, Santa Ana', 78563855, 'kevin.arias1954@gmail.com', '2023-11-03', NULL),
('Zuleyma', 'Rivas Flores', '57581616-1', '2006-10-10', 'Distrito San Miguel, San Miguel, San Miguel', 64719030, 'zuleyma.rivas2006@gmail.com', '2022-08-20', NULL),
('Ingrid', 'Mendoza Argueta', '42763880-5', '1982-06-17', 'Distrito Santiago Texacuangos, San Salvador Este, San Salvador', 67634324, 'ingrid.mendoza1982@gmail.com', '2023-10-05', NULL),
('Óscar', 'Valle Ayala', '90980740-3', '1960-06-25', 'Distrito Cuscatancingo, San Salvador Norte, San Salvador', 77809566, 'óscar.valle1960@gmail.com', '2023-09-18', NULL),
('Óscar', 'Serrano Chacón', '25347328-3', '1972-08-06', 'Distrito La Unión, La Unión Centro, La Unión', 76799111, 'óscar.serrano1972@gmail.com', '2023-03-09', NULL),
('Victoria', 'Guevara Salinas', '75816399-9', '1945-11-13', 'Distrito Cuscatancingo, San Salvador Norte, San Salvador', 66301332, 'victoria.guevara1945@gmail.com', '2024-04-01', NULL),
('Mirna', 'Aguilar Cardona', '41251377-2', '1957-01-09', 'Distrito Tecoluca, San Vicente, San Vicente', 69874983, 'mirna.aguilar1957@gmail.com', '2023-02-13', NULL),
('Óscar', 'Navarrete Olmedo', '29419414-6', '1958-04-06', 'Distrito San Miguel, San Miguel, San Miguel', 68763606, 'óscar.navarrete1958@gmail.com', '2022-10-04', NULL),
('Sara', 'Lopez Carrillo', '85574953-4', '1969-01-24', 'Distrito Usulután, Usulután, Usulután', 73817461, 'sara.lopez1969@gmail.com', '2024-03-11', NULL),
('Nelson', 'Quintanilla Menjívar', '10862252-7', '1991-03-08', 'Distrito Colón, La Libertad Oeste, La Libertad', 75896459, 'nelson.quintanilla1991@gmail.com', '2023-01-02', NULL),
('Ezequiel', 'Cañas Sandoval', '71915885-9', '1967-10-23', 'Distrito San Juan Opico, La Libertad Norte, La Libertad', 76084324, 'ezequiel.cañas1967@gmail.com', '2023-04-10', NULL),
('Josué', 'Melara Villanueva', '80176969-4', '2002-09-20', 'Distrito Santa Rosa de Lima, La Unión Sur, La Unión', 62556325, 'josué.melara2002@gmail.com', '2023-10-05', NULL),
('Vanessa', 'Bonilla Salinas', '25423848-8', '2007-01-28', 'Distrito San Vicente, San Vicente, San Vicente', 71728727, 'vanessa.bonilla2007@gmail.com', '2024-04-14', NULL),
('Alfredo', 'Alas Recinos', '50620428-3', '1992-01-19', 'Distrito Sonsonate, Sonsonate Centro, Sonsonate', 77633825, 'alfredo.alas1992@gmail.com', '2023-04-17', NULL),
('Flor', 'Bermúdez Herrera', '70966780-5', '1980-10-17', 'Distrito San Miguel, San Miguel, San Miguel', 72228442, 'flor.bermúdez1980@gmail.com', '2023-07-24', NULL),
('Pedro', 'Molina Galdámez', '97623570-1', '1968-11-12', 'Distrito Sensuntepeque, Cabañas, Cabañas', 76201986, 'pedro.molina1968@gmail.com', '2023-04-24', NULL),
('Aurora', 'Rivas Carrillo', '50130436-2', '1991-07-19', 'Distrito Quezaltepeque, La Libertad Norte, La Libertad', 71831215, 'aurora.rivas1991@gmail.com', '2024-04-14', NULL),
('Jorge', 'Lemus Ortiz', '20914419-6', '1995-03-21', 'Distrito Ilopango, San Salvador Este, San Salvador', 67991699, 'jorge.lemus1995@gmail.com', '2024-02-02', NULL),
('Jessica', 'Castillo Argueta', '90634923-7', '1948-08-23', 'Distrito Chalatenango, Chalatenango, Chalatenango', 75828029, 'jessica.castillo1948@gmail.com', '2023-02-07', NULL),
('Alejandro', 'Campos Orellana', '67356630-8', '1959-11-29', 'Distrito Metapán, Santa Ana Norte, Santa Ana', 65740326, 'alejandro.campos1959@gmail.com', '2024-04-28', NULL),
('Esteban', 'Campos Salguero', '63601232-1', '2006-06-25', 'Distrito Cojutepeque, Cuscatlán, Cuscatlán', 67604539, 'esteban.campos2006@gmail.com', '2023-11-07', NULL),
('Yesenia', 'Mendoza Castellanos', '59281372-6', '1970-02-17', 'Distrito Santa Tecla, La Libertad Este, La Libertad', 71658166, 'yesenia.mendoza1970@gmail.com', '2024-06-05', NULL),
('Doris', 'Henríquez Chacón', '64790275-8', '1974-03-23', 'Distrito Mejicanos, San Salvador Norte, San Salvador', 79715036, 'doris.henríquez1974@gmail.com', '2024-05-05', NULL),
('Edgardo', 'Recinos Ramos', '62883844-2', '2003-12-25', 'Distrito Acajutla, Sonsonate Sur, Sonsonate', 61549301, 'edgardo.recinos2003@gmail.com', '2024-02-14', NULL),
('Lucas', 'Flores Avilés', '67781398-8', '1947-11-10', 'Distrito San Miguel, San Miguel, San Miguel', 75601238, 'lucas.flores1947@gmail.com', '2024-03-07', NULL),
('Esteban', 'Arévalo Cardona', '53628297-2', '1956-03-09', 'Distrito San Vicente, San Vicente, San Vicente', 67319894, 'esteban.arévalo1956@gmail.com', '2023-10-14', NULL),
('Yessica', 'Morales Lemus', '81869715-2', '1992-11-07', 'Distrito Zacatecoluca, La Paz Centro, La Paz', 65106951, 'yessica.morales1992@gmail.com', '2023-04-22', NULL),
('Evelyn', 'Chicas Rivas', '44456540-3', '1985-05-28', 'Distrito Sensuntepeque, Cabañas, Cabañas', 79176020, 'evelyn.chicas1985@gmail.com', '2024-02-03', NULL),
('Tatiana', 'Galdámez Alvarado', '41594632-3', '1971-05-26', 'Distrito Ilopango, San Salvador Este, San Salvador', 74877065, 'tatiana.galdámez1971@gmail.com', '2023-07-07', NULL),
('Jonathan', 'Huezo Padilla', '99548628-6', '1977-01-24', 'Distrito La Unión, La Unión Centro, La Unión', 72744250, 'jonathan.huezo1977@gmail.com', '2022-11-23', NULL),
('Evelyn', 'Barrios Granados', '72538788-1', '1945-09-05', 'Distrito Cojutepeque, Cuscatlán, Cuscatlán', 65665937, 'evelyn.barrios1945@gmail.com', '2023-05-15', NULL),
('Marlon', 'Calderón Amaya', '19625640-2', '2002-01-16', 'Distrito Acajutla, Sonsonate Sur, Sonsonate', 72984805, 'marlon.calderón2002@gmail.com', '2023-03-28', NULL),
('Patricia', 'Martínez Linares', '82916537-6', '1986-01-05', 'Distrito Metapán, Santa Ana Norte, Santa Ana', 68692130, 'patricia.martínez1986@gmail.com', '2023-11-05', NULL),
('Raúl', 'Mazariego Rosa', '11178275-4', '1979-04-15', 'Distrito Santa Rosa de Lima, La Unión Sur, La Unión', 75071517, 'raúl.mazariego1979@gmail.com', '2023-08-12', NULL),
('Zuleyma', 'Estrada Bonilla', '14374382-3', '1958-06-12', 'Distrito Acajutla, Sonsonate Sur, Sonsonate', 69794365, 'zuleyma.estrada1958@gmail.com', '2022-12-01', NULL),
('Lorena', 'Sandoval Ortiz', '40559635-9', '1959-03-13', 'Distrito Apopa, San Salvador Norte, San Salvador', 63870709, 'lorena.sandoval1959@gmail.com', '2023-10-04', NULL),
('Óscar', 'García Mazariego', '74762856-6', '1975-06-26', 'Distrito Colón, La Libertad Oeste, La Libertad', 75490445, 'óscar.garcía1975@gmail.com', '2024-07-12', NULL),
('Francisco', 'Menjívar Guevara', '86036504-2', '1953-07-03', 'Distrito Chalatenango, Chalatenango, Chalatenango', 67168700, 'francisco.menjívar1953@gmail.com', '2023-09-04', NULL),
('Hugo', 'Medina Castillo', '14444181-1', '1955-09-11', 'Distrito Quezaltepeque, La Libertad Norte, La Libertad', 63917406, 'hugo.medina1955@gmail.com', '2024-01-10', NULL),
('Adela', 'Juárez Vásquez', '48235733-7', '2006-09-14', 'Distrito Ilopango, San Salvador Este, San Salvador', 76921577, 'adela.juárez2006@gmail.com', '2023-11-25', NULL),
('Edwin', 'Arias García', '26780115-4', '1969-02-26', 'Distrito Cuscatancingo, San Salvador Norte, San Salvador', 71430600, 'edwin.arias1969@gmail.com', '2024-03-09', NULL),
('Ricardo', 'Flores Vega', '41729130-4', '1960-04-09', 'Distrito Cuscatancingo, San Salvador Norte, San Salvador', 63370201, 'ricardo.flores1960@gmail.com', '2022-08-06', NULL),
('Lucas', 'Marroquín Salguero', '74624841-5', '1996-05-07', 'Distrito Chalatenango, Chalatenango, Chalatenango', 76090138, 'lucas.marroquín1996@gmail.com', '2023-10-27', NULL),
('Reyna', 'Huezo Estrada', '22451486-1', '2000-08-01', 'Distrito Soyapango, San Salvador Este, San Salvador', 69309056, 'reyna.huezo2000@gmail.com', '2024-06-12', NULL),
('Lorena', 'Molina Mazariego', '42827028-2', '1959-05-17', 'Distrito Ahuachapán, Ahuachapán Norte, Ahuachapán', 68571369, 'lorena.molina1959@gmail.com', '2024-04-12', NULL),
('Fernando', 'Rivas Maldonado', '50990441-9', '1960-01-19', 'Distrito Santiago Texacuangos, San Salvador Este, San Salvador', 64230503, 'fernando.rivas1960@gmail.com', '2022-09-13', NULL),
('Yessica', 'Amaya Villalta', '16970313-3', '1975-02-11', 'Distrito Aguilares, San Salvador Norte, San Salvador', 61035659, 'yessica.amaya1975@gmail.com', '2023-06-16', NULL),
('Gabriel', 'Gámez Barrera', '21650555-6', '1949-04-05', 'Distrito Santiago Texacuangos, San Salvador Este, San Salvador', 66951295, 'gabriel.gámez1949@gmail.com', '2024-03-15', NULL),
('Ada', 'Pacheco Navarrete', '95075389-1', '1951-09-25', 'Distrito Aguilares, San Salvador Norte, San Salvador', 65308976, 'ada.pacheco1951@gmail.com', '2022-07-30', NULL),
('Paola', 'Escobar Bermúdez', '30920387-8', '1970-05-06', 'Distrito Jiquilisco, Usulután Sur, Usulután', 75452175, 'paola.escobar1970@gmail.com', '2023-01-04', NULL),
('Edwin', 'Cordero Lopez', '38562683-3', '1992-06-25', 'Distrito Apopa, San Salvador Norte, San Salvador', 72556459, 'edwin.cordero1992@gmail.com', '2022-10-13', NULL),
('Celina', 'Martínez Arias', '66858385-1', '2003-02-24', 'Distrito Santa Rosa de Lima, La Unión Sur, La Unión', 71613493, 'celina.martínez2003@gmail.com', '2024-03-08', NULL),
('Israel', 'Sosa Gutiérrez', '55003939-4', '1955-01-04', 'Distrito La Unión, La Unión Centro, La Unión', 62341377, 'israel.sosa1955@gmail.com', '2023-07-01', NULL),
('Alfredo', 'Valle Medina', '90967854-2', '1963-11-19', 'Distrito Aguilares, San Salvador Norte, San Salvador', 72334427, 'alfredo.valle1963@gmail.com', '2024-04-20', NULL),
('Rafael', 'Carpio Flores', '10708302-4', '1983-11-17', 'Distrito San Miguel, San Miguel, San Miguel', 79811835, 'rafael.carpio1983@gmail.com', '2022-10-24', NULL),
('Manuel', 'Bonilla Umanzor', '85726166-5', '1977-09-10', 'Distrito Sensuntepeque, Cabañas, Cabañas', 76808184, 'manuel.bonilla1977@gmail.com', '2024-03-27', NULL),
('Anayanci', 'Gutiérrez Castillo', '67669887-1', '1974-12-14', 'Distrito Soyapango, San Salvador Este, San Salvador', 68182133, 'anayanci.gutiérrez1974@gmail.com', '2023-11-02', NULL),
('Ada', 'Jiménez Padilla', '89419574-3', '1962-07-31', 'Distrito Zacatecoluca, La Paz Centro, La Paz', 79159455, 'ada.jiménez1962@gmail.com', '2022-08-16', NULL),
('Doris', 'Portillo Granados', '90082208-3', '1979-05-06', 'Distrito Soyapango, San Salvador Este, San Salvador', 66875699, 'doris.portillo1979@gmail.com', '2022-12-01', NULL),
('Alfreda', 'Vásquez Rivera', '68945798-2', '1977-04-11', 'Distrito Ahuachapán, Ahuachapán Norte, Ahuachapán', 67150632, 'alfreda.vásquez1977@gmail.com', '2024-04-11', NULL),
('Mariano', 'Ventura Arias', '82205822-1', '2003-10-07', 'Distrito Quezaltepeque, La Libertad Norte, La Libertad', 76045671, 'mariano.ventura2003@gmail.com', '2023-11-28', NULL),
('Nuria', 'Campos Dinarte', '92337527-5', '1955-06-10', 'Distrito Mejicanos, San Salvador Norte, San Salvador', 75650565, 'nuria.campos1955@gmail.com', '2023-01-10', NULL),
('Cristian', 'Méndez Cardona', '32624827-7', '1979-10-07', 'Distrito Aguilares, San Salvador Norte, San Salvador', 67116573, 'cristian.méndez1979@gmail.com', '2022-09-26', NULL),
('Joaquín', 'Luna Vides', '75035880-5', '1973-08-22', 'Distrito Quezaltepeque, La Libertad Norte, La Libertad', 63543241, 'joaquín.luna1973@gmail.com', '2024-02-25', NULL),
('Mauricio', 'Alvarado Cordero', '16498892-8', '1991-06-05', 'Distrito San Juan Opico, La Libertad Norte, La Libertad', 65454112, 'mauricio.alvarado1991@gmail.com', '2024-03-15', NULL),
('Anayanci', 'Pérez Argueta', '83937213-1', '1957-06-12', 'Distrito Santa Rosa de Lima, La Unión Sur, La Unión', 79867441, 'anayanci.pérez1957@gmail.com', '2023-05-04', NULL),
('Karla', 'Zúniga Barahona', '95979695-9', '1986-11-21', 'Distrito Ciudad Delgado, San Salvador Norte, San Salvador', 78924012, 'karla.zúniga1986@gmail.com', '2022-12-13', NULL),
('Alejandra', 'López García', '72024089-3', '1959-06-10', 'Distrito Apopa, San Salvador Norte, San Salvador', 63385054, 'alejandra.lópez1959@gmail.com', '2024-03-12', NULL),
('Alejandra', 'Rivera Argueta', '29456226-2', '1995-03-05', 'Distrito Santa Tecla, La Libertad Este, La Libertad', 75940114, 'alejandra.rivera1995@gmail.com', '2022-12-16', NULL),
('Joel', 'Rosa Zepeda', '72462023-2', '1998-10-08', 'Distrito Chalatenango, Chalatenango, Chalatenango', 76865543, 'joel.rosa1998@gmail.com', '2023-06-14', NULL),
('Felipe', 'Olmedo Aguilar', '73975539-8', '1957-04-04', 'Distrito Santa Tecla, La Libertad Este, La Libertad', 78667713, 'felipe.olmedo1957@gmail.com', '2024-06-29', NULL),
('Joel', 'Arias Chicas', '79287785-4', '1967-04-15', 'Distrito Zacatecoluca, La Paz Centro, La Paz', 73548816, 'joel.arias1967@gmail.com', '2023-09-30', NULL),
('Rubén', 'Bonilla Chavarría', '31647183-9', '2007-10-04', 'Distrito Sensuntepeque, Cabañas, Cabañas', 76042901, 'rubén.bonilla2007@gmail.com', '2022-09-20', NULL),
('Beatriz', 'Rivas Serpas', '67954665-2', '1967-11-26', 'Distrito La Unión, La Unión Centro, La Unión', 63095231, 'beatriz.rivas1967@gmail.com', '2022-12-13', NULL),
('Gloria', 'Mazariego Córdova', '43773750-2', '1945-09-23', 'Distrito Colón, La Libertad Oeste, La Libertad', 76182067, 'gloria.mazariego1945@gmail.com', '2024-06-26', NULL),
('Cecilia', 'González Varela', '26983212-9', '1945-06-13', 'Distrito Santa Rosa de Lima, La Unión Sur, La Unión', 73026747, 'cecilia.gonzález1945@gmail.com', '2024-02-27', NULL),
('Irma', 'Lopez Arévalo', '42413619-8', '2006-04-25', 'Distrito San Juan Opico, La Libertad Norte, La Libertad', 74348947, 'irma.lopez2006@gmail.com', '2024-02-01', NULL),
('Milena', 'Olmedo Méndez', '85727480-7', '1998-09-16', 'Distrito Colón, La Libertad Oeste, La Libertad', 64510973, 'milena.olmedo1998@gmail.com', '2023-06-22', NULL),
('Marisela', 'Benítez Alas', '10369391-9', '1996-09-08', 'Distrito San Vicente, San Vicente, San Vicente', 72233669, 'marisela.benítez1996@gmail.com', '2023-01-22', NULL),
('Celia', 'Navarrete Galdámez', '70449589-4', '1975-06-23', 'Distrito Chalatenango, Chalatenango, Chalatenango', 75802285, 'celia.navarrete1975@gmail.com', '2024-02-17', NULL),
('Vanessa', 'Castellanos Moreno', '13159847-8', '1990-08-30', 'Distrito Cuscatancingo, San Salvador Norte, San Salvador', 79749859, 'vanessa.castellanos1990@gmail.com', '2023-09-26', NULL),
('Sergio', 'Quintanilla Barahona', '89707724-1', '2000-12-12', 'Distrito San Vicente, San Vicente, San Vicente', 61473347, 'sergio.quintanilla2000@gmail.com', '2023-12-03', NULL),
('Julio', 'Barahona Mazariego', '87401955-8', '1971-10-22', 'Distrito Ilopango, San Salvador Este, San Salvador', 77194863, 'julio.barahona1971@gmail.com', '2023-01-13', NULL),
('Rosibel', 'Argueta Córdova', '57073215-2', '1973-11-29', 'Distrito San Salvador, San Salvador, San Salvador', 75178267, 'rosibel.argueta1973@gmail.com', '2024-03-18', NULL),
('Ingrid', 'Paredes Cortez', '11897345-5', '1985-06-25', 'Distrito Quezaltepeque, La Libertad Norte, La Libertad', 66424724, 'ingrid.paredes1985@gmail.com', '2023-08-02', NULL),
('Néstor', 'Marroquín Sosa', '12327856-2', '1988-02-02', 'Distrito Colón, La Libertad Oeste, La Libertad', 61030555, 'néstor.marroquín1988@gmail.com', '2023-12-18', NULL),
('Sandra', 'Medina Pineda', '80706313-6', '1995-09-25', 'Distrito Ciudad Delgado, San Salvador Norte, San Salvador', 67027775, 'sandra.medina1995@gmail.com', '2023-10-01', NULL),
('Ramiro', 'Olmedo Menjívar', '76290818-8', '1964-07-18', 'Distrito Lourdes, La Libertad Oeste, La Libertad', 73647933, 'ramiro.olmedo1964@gmail.com', '2022-09-03', NULL),
('Ericka', 'Zúniga Molina', '22378791-2', '1948-02-13', 'Distrito Aguilares, San Salvador Norte, San Salvador', 74613271, 'ericka.zúniga1948@gmail.com', '2023-07-21', NULL),
('Javier', 'Villalta Henríquez', '92620943-6', '1995-09-12', 'Distrito Zacatecoluca, La Paz Centro, La Paz', 69320273, 'javier.villalta1995@gmail.com', '2024-06-24', NULL),
('Domingo', 'Arias Hernández', '83694657-6', '1970-10-12', 'Distrito San Juan Opico, La Libertad Norte, La Libertad', 69313224, 'domingo.arias1970@gmail.com', '2022-11-28', NULL),
('Nelson', 'Guevara Flores', '19471586-5', '1955-09-10', 'Distrito San Miguel, San Miguel, San Miguel', 63171210, 'nelson.guevara1955@gmail.com', '2023-10-08', NULL),
('Nelson', 'Cardona Martínez', '17318771-8', '1953-01-10', 'Distrito San Juan Opico, La Libertad Norte, La Libertad', 63032808, 'nelson.cardona1953@gmail.com', '2023-01-30', NULL),
('Ericka', 'Campos Cruz', '64954029-8', '1976-08-15', 'Distrito Metapán, Santa Ana Norte, Santa Ana', 61391855, 'ericka.campos1976@gmail.com', '2023-01-15', NULL),
('Elmer', 'Rivas Villanueva', '51189006-5', '1953-07-13', 'Distrito Usulután, Usulután, Usulután', 67103800, 'elmer.rivas1953@gmail.com', '2023-04-23', NULL),
('Ernesto', 'Argueta Mazariego', '79018049-3', '1956-04-11', 'Distrito Sonsonate, Sonsonate Centro, Sonsonate', 68278327, 'ernesto.argueta1956@gmail.com', '2023-05-30', NULL),
('Alfreda', 'Maldonado Guardado', '32581621-7', '1965-06-09', 'Distrito Soyapango, San Salvador Este, San Salvador', 63800539, 'alfreda.maldonado1965@gmail.com', '2023-04-24', NULL),
('Alba', 'Gutiérrez Campos', '96461215-3', '1999-12-21', 'Distrito Santa Tecla, La Libertad Este, La Libertad', 75440244, 'alba.gutiérrez1999@gmail.com', '2022-08-09', NULL),
('Nayda', 'Posada Mejía', '35180514-6', '1955-12-07', 'Distrito Santa Rosa de Lima, La Unión Sur, La Unión', 77261424, 'nayda.posada1955@gmail.com', '2023-07-11', NULL),
('Angélica', 'Bonilla Barrera', '69233045-9', '1981-09-13', 'Distrito Santa Tecla, La Libertad Este, La Libertad', 66223588, 'angélica.bonilla1981@gmail.com', '2022-07-15', NULL),
('Lucas', 'Sosa Sandoval', '26329451-1', '1965-08-16', 'Distrito Cuscatancingo, San Salvador Norte, San Salvador', 73409702, 'lucas.sosa1965@gmail.com', '2022-12-06', NULL),
('Carmen', 'Martínez Villatoro', '31308933-8', '1954-05-06', 'Distrito Chalatenango, Chalatenango, Chalatenango', 75006073, 'carmen.martínez1954@gmail.com', '2023-08-05', NULL),
('Marvin', 'Morán Perdomo', '86195666-9', '1962-01-18', 'Distrito Aguilares, San Salvador Norte, San Salvador', 69323208, 'marvin.morán1962@gmail.com', '2022-08-08', NULL),
('Fredy', 'Sosa Bonilla', '14848969-4', '1993-06-16', 'Distrito Quezaltepeque, La Libertad Norte, La Libertad', 65097212, 'fredy.sosa1993@gmail.com', '2022-08-04', NULL),
('Xiomara', 'Amaya Hernández', '99592242-2', '1956-01-10', 'Distrito Ilopango, San Salvador Este, San Salvador', 78709220, 'xiomara.amaya1956@gmail.com', '2023-04-13', NULL),
('Yessica', 'Granados Vides', '18531756-7', '1973-09-28', 'Distrito Santa Ana, Santa Ana Centro, Santa Ana', 69265829, 'yessica.granados1973@gmail.com', '2023-02-04', NULL),
('Saúl', 'Cortez Varela', '66535053-4', '1978-10-14', 'Distrito Zacatecoluca, La Paz Centro, La Paz', 69935321, 'saúl.cortez1978@gmail.com', '2023-01-04', NULL),
('Carla', 'Aguilera Morales', '21669462-9', '1970-03-26', 'Distrito Aguilares, San Salvador Norte, San Salvador', 67701426, 'carla.aguilera1970@gmail.com', '2023-11-25', NULL),
('Evelyn', 'Chavarría Villanueva', '44049692-5', '1987-08-29', 'Distrito Chalatenango, Chalatenango, Chalatenango', 66569911, 'evelyn.chavarría1987@gmail.com', '2022-08-17', NULL),
('Pedro', 'Figueroa Sosa', '15155371-9', '1980-05-05', 'Distrito Chalatenango, Chalatenango, Chalatenango', 77773344, 'pedro.figueroa1980@gmail.com', '2024-01-20', NULL),
('Maribel', 'Martínez Guevara', '40436031-9', '1978-07-27', 'Distrito Mejicanos, San Salvador Norte, San Salvador', 74673349, 'maribel.martínez1978@gmail.com', '2023-12-10', NULL),
('Roxana', 'Ventura Juárez', '55010745-6', '1946-11-22', 'Distrito Apopa, San Salvador Norte, San Salvador', 66546873, 'roxana.ventura1946@gmail.com', '2022-10-15', NULL),
('Marvin', 'Herrera Navarrete', '43732781-7', '1986-04-11', 'Distrito Santa Ana, Santa Ana Centro, Santa Ana', 66548448, 'marvin.herrera1986@gmail.com', '2023-11-30', NULL),
('Nayeli', 'Franco Avilés', '12918357-8', '2006-06-03', 'Distrito Zacatecoluca, La Paz Centro, La Paz', 68009152, 'nayeli.franco2006@gmail.com', '2023-08-03', NULL),
('Celina', 'Argumedo Argumedo', '35453655-7', '1982-08-01', 'Distrito Quezaltepeque, La Libertad Norte, La Libertad', 68165296, 'celina.argumedo1982@gmail.com', '2022-07-29', NULL),
('Ericka', 'Vides Padilla', '56350788-2', '1961-05-06', 'Distrito Santa Ana, Santa Ana Centro, Santa Ana', 79398594, 'ericka.vides1961@gmail.com', '2023-10-06', NULL),
('Gladis', 'Pérez Argumedo', '57673311-6', '1974-01-20', 'Distrito Chalatenango, Chalatenango, Chalatenango', 79926681, 'gladis.pérez1974@gmail.com', '2024-02-09', NULL),
('Isabel', 'Molina Reyes', '36688308-2', '1955-05-18', 'Distrito San Juan Opico, La Libertad Norte, La Libertad', 73176727, 'isabel.molina1955@gmail.com', '2024-06-19', NULL),
('Jessica', 'Navarrete Avilés', '71140682-7', '1966-02-07', 'Distrito Tecoluca, San Vicente, San Vicente', 62558713, 'jessica.navarrete1966@gmail.com', '2024-02-10', NULL),
('Gloria', 'Orellana Barrios', '13048140-9', '1949-10-15', 'Distrito Colón, La Libertad Oeste, La Libertad', 77124296, 'gloria.orellana1949@gmail.com', '2024-05-15', NULL),
('Néstor', 'Dinarte Vides', '99727003-8', '1969-09-17', 'Distrito Sonsonate, Sonsonate Centro, Sonsonate', 68827468, 'néstor.dinarte1969@gmail.com', '2023-03-05', NULL),
('Julio', 'Arevalo Vásquez', '39171610-2', '1975-03-30', 'Distrito Santa Ana, Santa Ana Centro, Santa Ana', 67724944, 'julio.arevalo1975@gmail.com', '2023-01-04', NULL),
('Ignacio', 'Galdámez Varela', '39403229-6', '1946-02-26', 'Distrito Chalatenango, Chalatenango, Chalatenango', 74427559, 'ignacio.galdámez1946@gmail.com', '2023-11-08', NULL),
('Ada', 'Lemus Cortez', '20628999-5', '1976-04-23', 'Distrito Usulután, Usulután, Usulután', 78489864, 'ada.lemus1976@gmail.com', '2023-01-11', NULL),
('Claudia', 'Juárez Morán', '55027629-8', '1974-11-19', 'Distrito Quezaltepeque, La Libertad Norte, La Libertad', 78266043, 'claudia.juárez1974@gmail.com', '2023-04-25', NULL),
('Mauricio', 'Granados Chavarría', '93747899-8', '1946-06-12', 'Distrito Ahuachapán, Ahuachapán Norte, Ahuachapán', 77979197, 'mauricio.granados1946@gmail.com', '2023-07-01', NULL),
('Héctor', 'Calderón Campos', '71921555-4', '2004-04-20', 'Distrito Chalatenango, Chalatenango, Chalatenango', 68213254, 'héctor.calderón2004@gmail.com', '2024-06-22', NULL),
('Esther', 'Cáceres Paredes', '92007903-1', '1963-12-30', 'Distrito San Juan Opico, La Libertad Norte, La Libertad', 75596299, 'esther.cáceres1963@gmail.com', '2023-04-28', NULL),
('Óscar', 'Alfaro Flores', '67400636-2', '1985-11-22', 'Distrito Chalatenango, Chalatenango, Chalatenango', 77229046, 'óscar.alfaro1985@gmail.com', '2023-10-15', NULL),
('Marvin', 'Chicas Campos', '67128394-2', '2004-08-26', 'Distrito Aguilares, San Salvador Norte, San Salvador', 77889071, 'marvin.chicas2004@gmail.com', '2024-04-28', NULL),
('Lorena', 'Pérez Bermúdez', '99053002-7', '2001-10-22', 'Distrito Apopa, San Salvador Norte, San Salvador', 64018956, 'lorena.pérez2001@gmail.com', '2023-07-22', NULL),
('Néstor', 'Pineda Chicas', '49017488-5', '1968-08-12', 'Distrito Ciudad Delgado, San Salvador Norte, San Salvador', 77604483, 'néstor.pineda1968@gmail.com', '2022-07-22', NULL),
('Aurora', 'Padilla Granillo', '97929161-9', '1955-07-01', 'Distrito La Unión, La Unión Centro, La Unión', 68909498, 'aurora.padilla1955@gmail.com', '2024-07-11', NULL),
('Verónica', 'García Olmedo', '20384624-4', '1956-08-16', 'Distrito San Juan Opico, La Libertad Norte, La Libertad', 73329729, 'verónica.garcía1956@gmail.com', '2023-06-16', NULL),
('Ericka', 'Campos Linares', '32643684-5', '1980-07-31', 'Distrito Usulután, Usulután, Usulután', 64056167, 'ericka.campos1980@gmail.com', '2023-11-27', NULL),
('Aurora', 'Vides Escalante', '18397462-5', '1957-09-02', 'Distrito San Vicente, San Vicente, San Vicente', 78024811, 'aurora.vides1957@gmail.com', '2024-01-30', NULL),
('Ana', 'Chicas Reyes', '42943626-9', '2004-09-01', 'Distrito Tecoluca, San Vicente, San Vicente', 78681204, 'ana.chicas2004@gmail.com', '2023-02-19', NULL),
('Sara', 'Menjívar Hernández', '10855658-6', '1963-02-03', 'Distrito Sonsonate, Sonsonate Centro, Sonsonate', 65750974, 'sara.menjívar1963@gmail.com', '2023-11-16', NULL),
('Carla', 'Aguilera Flores', '73552678-3', '2002-06-20', 'Distrito Jiquilisco, Usulután Sur, Usulután', 64068998, 'carla.aguilera2002@gmail.com', '2023-01-30', NULL),
('Nelson', 'Alas Morán', '58094734-2', '1998-09-30', 'Distrito Cojutepeque, Cuscatlán, Cuscatlán', 66771907, 'nelson.alas1998@gmail.com', '2024-06-21', NULL),
('Xiomara', 'Escalante Bonilla', '66439271-2', '1988-11-03', 'Distrito San Miguel, San Miguel, San Miguel', 63743728, 'xiomara.escalante1988@gmail.com', '2023-08-28', NULL),
('Daisy', 'Huezo Díaz', '42778750-1', '1971-04-21', 'Distrito Santa Tecla, La Libertad Este, La Libertad', 68563476, 'daisy.huezo1971@gmail.com', '2022-10-11', NULL),
('Benjamín', 'Flores Gómez', '38224883-3', '1984-11-03', 'Distrito San Juan Opico, La Libertad Norte, La Libertad', 76076483, 'benjamín.flores1984@gmail.com', '2023-11-25', NULL),
('Sofía', 'Huezo Moreno', '88057415-7', '1946-11-04', 'Distrito Sonsonate, Sonsonate Centro, Sonsonate', 63055618, 'sofía.huezo1946@gmail.com', '2024-02-18', NULL),
('Milena', 'Ventura Chavarría', '13512836-6', '1948-07-03', 'Distrito San Juan Opico, La Libertad Norte, La Libertad', 61632654, 'milena.ventura1948@gmail.com', '2023-05-02', NULL),
('Sandra', 'Rivas Orellana', '99215938-6', '1979-01-28', 'Distrito San Miguel, San Miguel, San Miguel', 78739834, 'sandra.rivas1979@gmail.com', '2022-11-27', NULL),
('Jaime', 'Méndez Orellana', '15005016-5', '1975-04-20', 'Distrito Soyapango, San Salvador Este, San Salvador', 78816034, 'jaime.méndez1975@gmail.com', '2022-10-19', NULL),
('Ernesto', 'Rosa Rosa', '58617870-9', '2002-01-24', 'Distrito Santiago Texacuangos, San Salvador Este, San Salvador', 64488768, 'ernesto.rosa2002@gmail.com', '2023-03-20', NULL),
('Yanira', 'García Menjívar', '90680099-6', '1987-05-28', 'Distrito Lourdes, La Libertad Oeste, La Libertad', 67738704, 'yanira.garcía1987@gmail.com', '2024-05-21', NULL),
('Edith', 'Chicas Díaz', '28821515-4', '1999-08-12', 'Distrito Santa Tecla, La Libertad Este, La Libertad', 61132314, 'edith.chicas1999@gmail.com', '2023-10-15', NULL),
('Mildred', 'Castellanos Cardona', '19366319-4', '2007-11-09', 'Distrito Tecoluca, San Vicente, San Vicente', 64877604, 'mildred.castellanos2007@gmail.com', '2024-04-15', NULL),
('Carmen', 'Estrada Hernández', '90659067-1', '1984-09-21', 'Distrito Zacatecoluca, La Paz Centro, La Paz', 77964154, 'carmen.estrada1984@gmail.com', '2022-07-15', NULL),
('Hugo', 'Argueta Franco', '20371228-5', '1966-08-01', 'Distrito Apopa, San Salvador Norte, San Salvador', 66022456, 'hugo.argueta1966@gmail.com', '2023-07-20', NULL),
('Fredy', 'Sosa Mejía', '38954356-7', '1979-03-16', 'Distrito Zacatecoluca, La Paz Centro, La Paz', 65032035, 'fredy.sosa1979@gmail.com', '2023-04-05', NULL),
('Claudia', 'Bonilla Zúniga', '55402227-5', '1953-10-26', 'Distrito Santa Rosa de Lima, La Unión Sur, La Unión', 76629501, 'claudia.bonilla1953@gmail.com', '2022-10-24', NULL),
('Nelson', 'Martínez Flores', '51448476-6', '1955-06-12', 'Distrito Metapán, Santa Ana Norte, Santa Ana', 69457294, 'nelson.martínez1955@gmail.com', '2022-11-29', NULL),
('Roberto', 'Valle Barrios', '88833601-1', '1946-03-05', 'Distrito San Salvador, San Salvador, San Salvador', 69187280, 'roberto.valle1946@gmail.com', '2022-12-12', NULL),
('Guillermo', 'Juárez Navarrete', '47069764-6', '1970-04-20', 'Distrito San Salvador, San Salvador, San Salvador', 75728257, 'guillermo.juárez1970@gmail.com', '2024-01-13', NULL),
('Emilia', 'Figueroa Mendoza', '70633013-5', '1962-09-25', 'Distrito Usulután, Usulután, Usulután', 75568022, 'emilia.figueroa1962@gmail.com', '2023-02-21', NULL),
('Ligia', 'Rivera Serrano', '73158854-5', '1947-12-09', 'Distrito San Juan Opico, La Libertad Norte, La Libertad', 67423664, 'ligia.rivera1947@gmail.com', '2024-02-15', NULL),
('Milena', 'Cordero Vega', '85834743-6', '1952-06-01', 'Distrito Cojutepeque, Cuscatlán, Cuscatlán', 78992088, 'milena.cordero1952@gmail.com', '2023-05-18', NULL),
('Israel', 'Meléndez Villanueva', '78606049-6', '1966-09-06', 'Distrito Acajutla, Sonsonate Sur, Sonsonate', 64003744, 'israel.meléndez1966@gmail.com', '2023-12-05', NULL),
('Aurora', 'Avelar Recinos', '68709101-8', '1983-09-24', 'Distrito Quezaltepeque, La Libertad Norte, La Libertad', 74778269, 'aurora.avelar1983@gmail.com', '2024-01-21', NULL),
('Rosibel', 'Moreno Munguía', '99237071-5', '1964-09-11', 'Distrito Apopa, San Salvador Norte, San Salvador', 71611298, 'rosibel.moreno1964@gmail.com', '2022-11-30', NULL),
('Beatriz', 'Flores Argueta', '70208871-9', '2004-10-21', 'Distrito La Unión, La Unión Centro, La Unión', 71563938, 'beatriz.flores2004@gmail.com', '2023-07-21', NULL),
('Roxana', 'Cáceres Campos', '78760351-4', '1997-05-22', 'Distrito Cuscatancingo, San Salvador Norte, San Salvador', 71913965, 'roxana.cáceres1997@gmail.com', '2023-12-25', NULL),
('Óscar', 'Cardona Batres', '90490632-8', '1968-04-10', 'Distrito Jiquilisco, Usulután Sur, Usulután', 69101614, 'óscar.cardona1968@gmail.com', '2024-03-27', NULL),
('Armando', 'Alas Olivares', '61582145-6', '1954-12-11', 'Distrito Zacatecoluca, La Paz Centro, La Paz', 68293517, 'armando.alas1954@gmail.com', '2023-09-15', NULL),
('Antonio', 'Arevalo Morán', '95172164-6', '1968-05-19', 'Distrito Ilopango, San Salvador Este, San Salvador', 65889055, 'antonio.arevalo1968@gmail.com', '2022-11-13', NULL),
('Leticia', 'Guevara Guevara', '35266791-6', '1981-03-09', 'Distrito Tecoluca, San Vicente, San Vicente', 71974948, 'leticia.guevara1981@gmail.com', '2024-02-08', NULL),
('Dayana', 'Escamilla Posada', '20320114-7', '1963-05-16', 'Distrito Ahuachapán, Ahuachapán Norte, Ahuachapán', 72367813, 'dayana.escamilla1963@gmail.com', '2023-04-11', NULL),
('Gloria', 'Rivera Marroquín', '75532482-2', '2003-08-07', 'Distrito Metapán, Santa Ana Norte, Santa Ana', 65301213, 'gloria.rivera2003@gmail.com', '2024-02-12', NULL),
('Karla', 'Salguero Olivares', '89079869-3', '1997-02-04', 'Distrito Metapán, Santa Ana Norte, Santa Ana', 71508208, 'karla.salguero1997@gmail.com', '2023-06-28', NULL),
('Celia', 'Romero Mazariego', '62987784-7', '2000-03-28', 'Distrito Quezaltepeque, La Libertad Norte, La Libertad', 76489211, 'celia.romero2000@gmail.com', '2023-10-01', NULL),
('Roberto', 'Martínez Calderón', '40547260-8', '1979-08-03', 'Distrito Cuscatancingo, San Salvador Norte, San Salvador', 74311515, 'roberto.martínez1979@gmail.com', '2023-07-13', NULL),
('Ericka', 'Morales García', '75340653-2', '1979-11-23', 'Distrito Ilopango, San Salvador Este, San Salvador', 77383374, 'ericka.morales1979@gmail.com', '2024-02-24', NULL),
('Joaquín', 'Meléndez Marroquín', '30976887-7', '1997-02-10', 'Distrito Soyapango, San Salvador Este, San Salvador', 71435147, 'joaquín.meléndez1997@gmail.com', '2023-07-03', NULL),
('Jorge', 'Portillo Salguero', '42308967-9', '1959-04-18', 'Distrito Sensuntepeque, Cabañas, Cabañas', 78852444, 'jorge.portillo1959@gmail.com', '2024-01-17', NULL),
('Liliana', 'Martínez Portillo', '55847918-5', '1963-05-30', 'Distrito Acajutla, Sonsonate Sur, Sonsonate', 72592251, 'liliana.martínez1963@gmail.com', '2023-01-29', NULL),
('Antonio', 'Granados Martínez', '65047695-1', '1972-04-05', 'Distrito San Salvador, San Salvador, San Salvador', 76068202, 'antonio.granados1972@gmail.com', '2022-11-08', NULL),
('Mónica', 'Romero Herrera', '56678558-4', '1959-04-03', 'Distrito Cojutepeque, Cuscatlán, Cuscatlán', 73995159, 'mónica.romero1959@gmail.com', '2023-05-02', NULL),
('Ana María', 'Guevara Chicas', '62099556-3', '1984-11-01', 'Distrito Aguilares, San Salvador Norte, San Salvador', 72377103, 'anamaría.guevara1984@gmail.com', '2023-07-02', NULL),
('Roxana', 'Lopez Pacheco', '21905272-8', '1981-09-19', 'Distrito Ciudad Delgado, San Salvador Norte, San Salvador', 75561557, 'roxana.lopez1981@gmail.com', '2024-04-12', NULL),
('Dina', 'Galdámez Méndez', '74607708-9', '1949-03-23', 'Distrito Aguilares, San Salvador Norte, San Salvador', 72715411, 'dina.galdámez1949@gmail.com', '2022-12-23', NULL),
('Marta', 'Salinas Recinos', '20702298-8', '1990-03-31', 'Distrito Ciudad Delgado, San Salvador Norte, San Salvador', 78063191, 'marta.salinas1990@gmail.com', '2024-06-24', NULL),
('Ricardo', 'Cruz Méndez', '39802973-6', '2004-06-24', 'Distrito San Juan Opico, La Libertad Norte, La Libertad', 72531856, 'ricardo.cruz2004@gmail.com', '2024-04-29', NULL),
('Emilia', 'Magaña Rosa', '68584976-2', '1998-12-14', 'Distrito Soyapango, San Salvador Este, San Salvador', 66847638, 'emilia.magaña1998@gmail.com', '2024-01-12', NULL),
('Elsy', 'Menjívar Padilla', '39410290-4', '1947-09-09', 'Distrito Apopa, San Salvador Norte, San Salvador', 73763462, 'elsy.menjívar1947@gmail.com', '2023-01-25', NULL),
('Mauricio', 'Melara Díaz', '27107847-5', '1954-02-05', 'Distrito Usulután, Usulután, Usulután', 64101507, 'mauricio.melara1954@gmail.com', '2024-06-24', NULL),
('Fredy', 'Paredes Munguía', '28943070-5', '2007-12-01', 'Distrito La Unión, La Unión Centro, La Unión', 67745971, 'fredy.paredes2007@gmail.com', '2023-09-03', NULL),
('Fredy', 'Recinos Menjívar', '86324322-6', '1947-07-29', 'Distrito Usulután, Usulután, Usulután', 64843203, 'fredy.recinos1947@gmail.com', '2023-05-19', NULL),
('Yanira', 'Rivas Escamilla', '39839100-5', '1974-01-28', 'Distrito Aguilares, San Salvador Norte, San Salvador', 62155893, 'yanira.rivas1974@gmail.com', '2023-11-04', NULL),
('Reyna', 'Ramos Argueta', '97390822-5', '1987-04-05', 'Distrito San Salvador, San Salvador, San Salvador', 61504629, 'reyna.ramos1987@gmail.com', '2022-09-05', NULL);

INSERT INTO historial_medico (id_historial_medico, id_paciente, id_alergias, id_enfermedades_cronicas, antecedentes_familiares, fecha_registro) VALUES
(1, 1, 4, 40, 'Hermana con obesidad', '2023-01-17'),
(2, 2, 12, 12, 'Primos con hipertensión', '2022-10-23'),
(3, 3, 17, 26, 'Madre con cáncer de tiroides', '2024-01-04'),
(4, 4, 9, 24, 'Abuelo con insuficiencia renal', '2022-09-21'),
(5, 5, 9, 29, 'Padre con hepatitis', '2024-05-16'),
(6, 6, 9, 13, 'Madre con hipertensión', '2022-09-19'),
(7, 7, 1, 35, 'Tía con cáncer de mama', '2023-10-09'),
(8, 8, 22, 31, 'Sin antecedentes relevantes', '2022-09-18'),
(9, 9, 10, 32, 'Padre con hepatitis', '2022-08-03'),
(10, 10, 9, 37, 'Tío con esquizofrenia', '2023-07-04'),
(11, 11, 24, 37, 'Padre con hepatitis', '2022-08-01'),
(12, 12, 8, 36, 'Padre con epoc', '2024-02-16'),
(13, 13, 6, 38, 'Madre con fibromialgia', '2024-02-24'),
(14, 14, 9, 18, 'Padre con artritis', '2023-04-01'),
(15, 15, 24, 5, 'Hermano con asma', '2024-06-13'),
(16, 16, 2, 37, 'Hermano con asma', '2024-03-12'),
(17, 17, 4, 37, 'Abuela con alzheimer', '2023-10-31'),
(18, 18, 20, 2, 'Hermano con asma', '2022-08-15'),
(19, 19, 13, 9, 'Abuelo con insuficiencia renal', '2024-02-25'),
(20, 20, 1, 37, 'Madre con migraña', '2023-04-11'),
(21, 21, 23, 35, 'Padre con artritis', '2022-12-17'),
(22, 22, 6, 6, 'Ninguno reportado', '2022-07-21'),
(23, 23, 22, 26, 'Padre con enfermedad cardíaca', '2024-07-07'),
(24, 24, 12, 10, 'Padre con hepatitis', '2024-03-03'),
(25, 25, 18, 12, 'Padre con artritis', '2023-11-08'),
(26, 26, 6, 1, 'Tía con cáncer de mama', '2022-09-07'),
(27, 27, 2, 35, 'Padre con hepatitis', '2024-03-12'),
(28, 28, 8, 5, 'Padre con enfermedad cardíaca', '2023-02-05'),
(29, 29, 22, 21, 'Padre con enfermedad cardíaca', '2023-05-19'),
(30, 30, 5, 23, 'Padre con artritis', '2023-09-25'),
(31, 31, 12, 38, 'Sin antecedentes relevantes', '2023-03-05'),
(32, 32, 25, 3, 'Padre con diabetes', '2023-02-26'),
(33, 33, 16, 8, 'Sin antecedentes relevantes', '2023-08-20'),
(34, 34, 21, 32, 'Abuelo con insuficiencia renal', '2023-08-26'),
(35, 35, 4, 8, 'Madre con fibromialgia', '2024-01-02'),
(36, 36, 23, 4, 'Madre con fibromialgia', '2022-10-29'),
(37, 37, 24, 23, 'Padre con hepatitis', '2023-05-19'),
(38, 38, 26, 19, 'Hermano con asma', '2022-10-19'),
(39, 39, 8, 19, 'Abuelo con insuficiencia renal', '2022-10-06'),
(40, 40, 20, 25, 'Madre con fibromialgia', '2023-09-13'),
(41, 41, 19, 4, 'Padre con epoc', '2024-05-17'),
(42, 42, 3, 36, 'Hermano con alergias', '2022-08-03'),
(43, 43, 8, 34, 'Madre con hipertensión', '2023-08-30'),
(44, 44, 16, 32, 'Madre con lupus', '2024-06-08'),
(45, 45, 13, 12, 'Abuela con alzheimer', '2023-08-26'),
(46, 46, 23, 36, 'Madre con hipertensión', '2024-04-10'),
(47, 47, 8, 2, 'Hermano con alergias', '2023-08-06'),
(48, 48, 22, 5, 'Padre con artritis', '2022-08-20'),
(49, 49, 22, 7, 'Ninguno reportado', '2023-07-11'),
(50, 50, 20, 13, 'Abuela con alzheimer', '2023-10-02'),
(51, 51, 18, 36, 'Hermana con obesidad', '2023-07-07'),
(52, 52, 3, 31, 'Madre con fibromialgia', '2022-12-12'),
(53, 53, 23, 33, 'Hermano con asma', '2023-07-02'),
(54, 54, 21, 24, 'Ninguno reportado', '2023-04-30'),
(55, 55, 24, 23, 'Padre con epoc', '2023-08-07'),
(56, 56, 4, 35, 'Abuela con alzheimer', '2023-10-17'),
(57, 57, 3, 35, 'Madre con hipertensión', '2024-05-05'),
(58, 58, 26, 36, 'Abuela con alzheimer', '2023-06-30'),
(59, 59, 24, 13, 'Hermana con obesidad', '2022-11-20'),
(60, 60, 15, 13, 'Hermano con alergias', '2023-03-18'),
(61, 61, 11, 33, 'Ninguno reportado', '2023-04-17'),
(62, 62, 18, 2, 'Abuelo con insuficiencia renal', '2023-12-08'),
(63, 63, 21, 9, 'Tío con esquizofrenia', '2023-01-18'),
(64, 64, 19, 32, 'Padre con enfermedad cardíaca', '2023-04-21'),
(65, 65, 2, 25, 'Tío con esquizofrenia', '2022-09-30'),
(66, 66, 7, 37, 'Tía con cáncer de mama', '2023-10-22'),
(67, 67, 19, 11, 'Madre con migraña', '2024-06-23'),
(68, 68, 5, 9, 'Tío con esquizofrenia', '2023-07-09'),
(69, 69, 22, 21, 'Hermano con alergias', '2024-07-05'),
(70, 70, 3, 12, 'Madre con lupus', '2022-08-02'),
(71, 71, 6, 33, 'Padre con epoc', '2022-09-25'),
(72, 72, 3, 8, 'Abuelo con insuficiencia renal', '2024-01-13'),
(73, 73, 7, 29, 'Primos con hipertensión', '2024-04-18'),
(74, 74, 5, 11, 'Sin antecedentes relevantes', '2023-10-09'),
(75, 75, 26, 30, 'Padre con enfermedad cardíaca', '2023-03-09'),
(76, 76, 5, 30, 'Sin antecedentes relevantes', '2022-09-09'),
(77, 77, 11, 1, 'Tío con esquizofrenia', '2024-01-07'),
(78, 78, 16, 17, 'Hermana con obesidad', '2023-12-26'),
(79, 79, 23, 36, 'Madre con lupus', '2024-04-06'),
(80, 80, 3, 30, 'Abuela con alzheimer', '2024-06-05'),
(81, 81, 15, 26, 'Madre con fibromialgia', '2023-02-21'),
(82, 82, 12, 30, 'Tía con cáncer de mama', '2024-06-17'),
(83, 83, 2, 24, 'Abuela con alzheimer', '2024-07-08'),
(84, 84, 5, 25, 'Tío con esquizofrenia', '2024-03-16'),
(85, 85, 25, 39, 'Madre con lupus', '2022-08-18'),
(86, 86, 7, 21, 'Tío con esquizofrenia', '2023-11-28'),
(87, 87, 24, 13, 'Hermano con alergias', '2023-12-24'),
(88, 88, 14, 22, 'Tía con cáncer de mama', '2022-09-29'),
(89, 89, 19, 25, 'Abuelo con insuficiencia renal', '2023-02-08'),
(90, 90, 20, 16, 'Madre con fibromialgia', '2023-10-22'),
(91, 91, 8, 35, 'Padre con artritis', '2023-10-20'),
(92, 92, 1, 28, 'Primos con hipertensión', '2024-06-27'),
(93, 93, 24, 17, 'Padre con epoc', '2024-05-27'),
(94, 94, 12, 32, 'Madre con hipertensión', '2023-04-08'),
(95, 95, 14, 4, 'Madre con migraña', '2022-08-05'),
(96, 96, 6, 15, 'Hermano con alergias', '2023-11-02'),
(97, 97, 13, 35, 'Tía con cáncer de mama', '2023-05-08'),
(98, 98, 25, 37, 'Madre con migraña', '2022-10-01'),
(99, 99, 1, 39, 'Hermana con obesidad', '2022-10-20'),
(100, 100, 13, 18, 'Padre con diabetes', '2024-01-25'),
(101, 101, 25, 21, 'Ninguno reportado', '2023-08-19'),
(102, 102, 17, 26, 'Padre con diabetes', '2023-08-27'),
(103, 103, 11, 24, 'Madre con fibromialgia', '2023-04-18'),
(104, 104, 13, 39, 'Hermana con obesidad', '2023-11-09'),
(105, 105, 23, 39, 'Padre con enfermedad cardíaca', '2023-09-17'),
(106, 106, 5, 35, 'Madre con fibromialgia', '2023-12-21'),
(107, 107, 1, 32, 'Hermano con asma', '2024-02-21'),
(108, 108, 26, 1, 'Hermana con obesidad', '2023-01-23'),
(109, 109, 5, 22, 'Ninguno reportado', '2024-04-27'),
(110, 110, 13, 34, 'Padre con enfermedad cardíaca', '2023-05-25'),
(111, 111, 17, 25, 'Padre con hepatitis', '2023-11-23'),
(112, 112, 14, 37, 'Padre con diabetes', '2024-03-18'),
(113, 113, 4, 12, 'Madre con lupus', '2024-03-09'),
(114, 114, 12, 1, 'Hermana con obesidad', '2022-07-19'),
(115, 115, 12, 35, 'Tío con esquizofrenia', '2023-09-12'),
(116, 116, 12, 35, 'Ninguno reportado', '2023-07-25'),
(117, 117, 5, 9, 'Padre con enfermedad cardíaca', '2024-06-19'),
(118, 118, 19, 10, 'Madre con hipertensión', '2023-02-26'),
(119, 119, 21, 34, 'Tía con cáncer de mama', '2023-08-17'),
(120, 120, 3, 4, 'Madre con migraña', '2023-02-16'),
(121, 121, 12, 30, 'Madre con lupus', '2023-07-11'),
(122, 122, 7, 12, 'Madre con hipertensión', '2022-10-15'),
(123, 123, 25, 10, 'Hermana con obesidad', '2022-12-07'),
(124, 124, 19, 22, 'Padre con diabetes', '2023-03-02'),
(125, 125, 26, 3, 'Madre con fibromialgia', '2022-07-22'),
(126, 126, 7, 7, 'Tío con esquizofrenia', '2024-01-19'),
(127, 127, 2, 6, 'Padre con hepatitis', '2023-10-10'),
(128, 128, 9, 18, 'Padre con diabetes', '2023-03-21'),
(129, 129, 24, 3, 'Abuela con alzheimer', '2023-08-20'),
(130, 130, 13, 19, 'Hermano con alergias', '2023-08-25'),
(131, 131, 20, 6, 'Tía con cáncer de mama', '2022-08-23'),
(132, 132, 4, 8, 'Padre con enfermedad cardíaca', '2022-09-18'),
(133, 133, 9, 19, 'Padre con hepatitis', '2024-02-26'),
(134, 134, 22, 28, 'Abuela con alzheimer', '2023-07-25'),
(135, 135, 21, 7, 'Tío con esquizofrenia', '2024-04-27'),
(136, 136, 16, 14, 'Abuelo con insuficiencia renal', '2023-05-31'),
(137, 137, 24, 10, 'Padre con artritis', '2022-07-16'),
(138, 138, 19, 37, 'Padre con diabetes', '2023-04-27'),
(139, 139, 20, 31, 'Madre con migraña', '2022-12-21'),
(140, 140, 2, 26, 'Madre con hipertensión', '2023-05-18'),
(141, 141, 19, 5, 'Tío con esquizofrenia', '2023-07-21'),
(142, 142, 25, 17, 'Ninguno reportado', '2023-07-27'),
(143, 143, 26, 35, 'Abuela con alzheimer', '2023-03-05'),
(144, 144, 16, 7, 'Hermana con obesidad', '2023-03-13'),
(145, 145, 4, 30, 'Sin antecedentes relevantes', '2024-04-15'),
(146, 146, 24, 16, 'Abuela con alzheimer', '2024-07-06'),
(147, 147, 1, 20, 'Tía con cáncer de mama', '2023-09-23'),
(148, 148, 15, 23, 'Sin antecedentes relevantes', '2024-06-05'),
(149, 149, 19, 39, 'Primos con hipertensión', '2023-05-07'),
(150, 150, 2, 32, 'Primos con hipertensión', '2022-09-17'),
(151, 151, 10, 31, 'Abuelo con insuficiencia renal', '2024-07-03'),
(152, 152, 13, 24, 'Padre con enfermedad cardíaca', '2022-08-18'),
(153, 153, 10, 40, 'Hermana con obesidad', '2023-12-12'),
(154, 154, 5, 23, 'Padre con artritis', '2023-03-06'),
(155, 155, 19, 13, 'Abuela con alzheimer', '2023-02-15'),
(156, 156, 10, 35, 'Padre con diabetes', '2024-05-26'),
(157, 157, 18, 11, 'Padre con diabetes', '2023-01-21'),
(158, 158, 8, 27, 'Tía con cáncer de mama', '2022-11-07'),
(159, 159, 13, 22, 'Tío con esquizofrenia', '2023-03-10'),
(160, 160, 3, 2, 'Madre con lupus', '2023-08-19'),
(161, 161, 20, 16, 'Padre con diabetes', '2022-09-09'),
(162, 162, 23, 34, 'Abuelo con insuficiencia renal', '2024-06-08'),
(163, 163, 17, 8, 'Tío con esquizofrenia', '2023-10-12'),
(164, 164, 17, 30, 'Abuela con alzheimer', '2024-07-09'),
(165, 165, 9, 21, 'Padre con artritis', '2023-03-31'),
(166, 166, 5, 19, 'Hermano con alergias', '2023-01-04'),
(167, 167, 19, 7, 'Madre con cáncer de tiroides', '2023-06-24'),
(168, 168, 22, 22, 'Padre con artritis', '2023-11-09'),
(169, 169, 12, 23, 'Tía con cáncer de mama', '2022-08-21'),
(170, 170, 5, 8, 'Ninguno reportado', '2023-02-04'),
(171, 171, 4, 9, 'Abuela con alzheimer', '2022-10-08'),
(172, 172, 19, 32, 'Ninguno reportado', '2024-01-30'),
(173, 173, 7, 26, 'Madre con hipertensión', '2022-12-02'),
(174, 174, 25, 26, 'Abuela con alzheimer', '2022-09-01'),
(175, 175, 4, 28, 'Hermano con alergias', '2022-09-26'),
(176, 176, 23, 6, 'Padre con enfermedad cardíaca', '2024-03-04'),
(177, 177, 13, 39, 'Padre con artritis', '2023-07-02'),
(178, 178, 13, 24, 'Padre con epoc', '2024-06-28'),
(179, 179, 14, 36, 'Madre con lupus', '2023-06-23'),
(180, 180, 10, 39, 'Padre con diabetes', '2023-08-09'),
(181, 181, 16, 38, 'Madre con cáncer de tiroides', '2022-10-16'),
(182, 182, 9, 36, 'Madre con lupus', '2024-06-25'),
(183, 183, 2, 6, 'Padre con enfermedad cardíaca', '2023-03-23'),
(184, 184, 18, 17, 'Sin antecedentes relevantes', '2023-08-08'),
(185, 185, 3, 21, 'Padre con hepatitis', '2023-09-24'),
(186, 186, 5, 25, 'Madre con fibromialgia', '2023-05-07'),
(187, 187, 12, 38, 'Hermana con obesidad', '2023-08-19'),
(188, 188, 10, 10, 'Ninguno reportado', '2023-11-01'),
(189, 189, 22, 30, 'Madre con migraña', '2023-03-28'),
(190, 190, 14, 38, 'Padre con diabetes', '2023-07-31'),
(191, 191, 10, 23, 'Madre con cáncer de tiroides', '2023-08-21'),
(192, 192, 7, 8, 'Madre con hipertensión', '2022-12-08'),
(193, 193, 14, 37, 'Madre con cáncer de tiroides', '2024-04-29'),
(194, 194, 6, 30, 'Padre con artritis', '2023-01-04'),
(195, 195, 12, 27, 'Madre con fibromialgia', '2023-07-01'),
(196, 196, 19, 21, 'Tío con esquizofrenia', '2023-05-11'),
(197, 197, 7, 2, 'Sin antecedentes relevantes', '2024-05-02'),
(198, 198, 4, 38, 'Ninguno reportado', '2022-12-04'),
(199, 199, 7, 21, 'Padre con diabetes', '2023-10-18'),
(200, 200, 16, 11, 'Padre con enfermedad cardíaca', '2022-09-13');

INSERT INTO medico (nombre, apellido, telefono, horario, email, id_especialidad) VALUES
('Elsy', 'Gutiérrez Rosa', 67507965, 'martes a sábado 10:00-18:00', 'elsy.gutiérrez1@hospital.com', 3),
('Pedro', 'Sandoval García', 67438285, 'martes a viernes 8:00-16:00', 'pedro.sandoval2@hospital.com', 2),
('Doris', 'Avilés Vega', 72494705, 'jueves a lunes 12:00-20:00', 'doris.avilés3@hospital.com', 5),
('Julio', 'Martínez González', 72571554, 'lunes a viernes 14:00-22:00', 'julio.martínez4@hospital.com', 13),
('Gustavo', 'Guzmán Bonilla', 75737285, 'martes a sábado 10:00-18:00', 'gustavo.guzmán5@hospital.com', 16),
('Antonio', 'Guevara Galdámez', 61497365, 'lunes a viernes 8:30-16:30', 'antonio.guevara6@hospital.com', 8),
('Elsy', 'Galdámez Flores', 69700934, 'lunes a viernes 14:00-22:00', 'elsy.galdámez7@hospital.com', 1),
('Karina', 'Luna Lopez', 72959008, 'jueves a lunes 12:00-20:00', 'karina.luna8@hospital.com', 20),
('Silvia', 'Guardado Rosa', 62315406, 'martes a sábado 9:00-17:00', 'silvia.guardado9@hospital.com', 4),
('Zoila', 'Navarrete Cruz', 75605004, 'lunes a viernes 8:30-16:30', 'zoila.navarrete10@hospital.com', 9),
('Ramiro', 'Salinas Granados', 71582332, 'lunes a viernes 13:00-21:00', 'ramiro.salinas11@hospital.com', 7),
('Claudio', 'Jiménez Ayala', 74934328, 'martes a sábado 9:00-17:00', 'claudio.jiménez12@hospital.com', 14),
('Cecilia', 'Pérez Bonilla', 63506389, 'martes a sábado 10:00-18:00', 'cecilia.pérez13@hospital.com', 6),
('Rosario', 'Meléndez Gómez', 65621953, 'martes a sábado 10:00-18:00', 'rosario.meléndez14@hospital.com', 12),
('Lilian', 'Tejada Granillo', 66370759, 'lunes a viernes 14:00-22:00', 'lilian.tejada15@hospital.com', 11),
('Edwin', 'Ventura Padilla', 67100610, 'jueves a lunes 12:00-20:00', 'edwin.ventura16@hospital.com', 9),
('Sandra', 'Lemus Gámez', 63497872, 'lunes a jueves 9:00-17:00', 'sandra.lemus17@hospital.com', 7),
('Joaquín', 'Castellanos Ayala', 68191597, 'martes a viernes 8:00-16:00', 'joaquín.castellanos18@hospital.com', 17),
('René', 'Lemus Montoya', 61882777, 'jueves a lunes 12:00-20:00', 'rené.lemus19@hospital.com', 18),
('Alejandro', 'Granados Guevara', 65526909, 'lunes a viernes 7:00-15:00', 'alejandro.granados20@hospital.com', 12),
('Fredy', 'Dinarte Hernández', 61778577, 'martes a sábado 9:00-17:00', 'fredy.dinarte21@hospital.com', 9),
('Sara', 'Sosa Morán', 61693218, 'lunes a viernes 7:00-15:00', 'sara.sosa22@hospital.com', 8),
('Óscar', 'Arias Sosa', 62725550, 'lunes a viernes 8:00-16:00', 'óscar.arias23@hospital.com', 20),
('Raquel', 'Estrada Córdova', 62201777, 'lunes a viernes 7:00-15:00', 'raquel.estrada24@hospital.com', 11),
('Carlos', 'Alfaro Ramos', 62659426, 'lunes a viernes 13:00-21:00', 'carlos.alfaro25@hospital.com', 19),
('María José', 'Cardona Moreno', 68050902, 'martes a sábado 9:00-17:00', 'maríajosé.cardona26@hospital.com', 9),
('Marina', 'Ramos Rivas', 76589178, 'lunes a viernes 14:00-22:00', 'marina.ramos27@hospital.com', 10),
('Isabel', 'Ponce Granillo', 78593974, 'lunes a sábado 8:00-14:00', 'isabel.ponce28@hospital.com', 4),
('Daisy', 'Melgar Meléndez', 63615076, 'lunes a viernes 12:00-20:00', 'daisy.melgar29@hospital.com', 9),
('Leticia', 'Morán Luna', 69249622, 'lunes a viernes 7:00-15:00', 'leticia.morán30@hospital.com', 16),
('Evelyn', 'Carpio Pérez', 73160127, 'lunes a viernes 14:00-22:00', 'evelyn.carpio31@hospital.com', 4),
('Vanessa', 'Estrada Escamilla', 75125783, 'lunes a viernes 13:00-21:00', 'vanessa.estrada32@hospital.com', 19),
('Arturo', 'Escamilla Villanueva', 61854928, 'lunes a viernes 14:00-22:00', 'arturo.escamilla33@hospital.com', 14),
('Ricardo', 'Guevara Posada', 63978691, 'lunes a viernes 8:30-16:30', 'ricardo.guevara34@hospital.com', 16),
('Carla', 'Martínez Arévalo', 65435151, 'miércoles a sábado 10:00-18:00', 'carla.martínez35@hospital.com', 4),
('Ada', 'Sosa Sosa', 65480243, 'lunes a sábado 8:00-14:00', 'ada.sosa36@hospital.com', 3),
('Lorena', 'Santana Gámez', 64821924, 'martes a viernes 8:00-16:00', 'lorena.santana37@hospital.com', 18),
('Fernando', 'López Zúniga', 78803724, 'martes a sábado 9:00-17:00', 'fernando.lópez38@hospital.com', 9),
('Alejandra', 'Díaz Barahona', 79607045, 'lunes a sábado 8:00-14:00', 'alejandra.díaz39@hospital.com', 17),
('Gilberto', 'Juárez Vásquez', 68974976, 'miércoles a domingo 11:00-19:00', 'gilberto.juárez40@hospital.com', 19),
('Ramiro', 'Gámez Salinas', 76500515, 'lunes a viernes 8:00-16:00', 'ramiro.gámez41@hospital.com', 18),
('Saúl', 'Pérez Huezo', 73198047, 'jueves a lunes 12:00-20:00', 'saúl.pérez42@hospital.com', 8),
('Vanesa', 'Ventura Orellana', 67165021, 'lunes a viernes 12:00-20:00', 'vanesa.ventura43@hospital.com', 17),
('Sara', 'Marroquín Amaya', 74479581, 'miércoles a sábado 10:00-18:00', 'sara.marroquín44@hospital.com', 7),
('Gilberto', 'Dinarte Peraza', 72658271, 'lunes a viernes 14:00-22:00', 'gilberto.dinarte45@hospital.com', 13),
('Mauricio', 'Huezo Barrera', 64261636, 'miércoles a domingo 11:00-19:00', 'mauricio.huezo46@hospital.com', 19),
('Ever', 'Martínez Flores', 76178626, 'miércoles a sábado 10:00-18:00', 'ever.martínez47@hospital.com', 18),
('Claudia', 'Benítez Pineda', 67305249, 'miércoles a domingo 11:00-19:00', 'claudia.benítez48@hospital.com', 3),
('Dina', 'Peraza Lemus', 79855541, 'lunes a viernes 7:00-15:00', 'dina.peraza49@hospital.com', 3),
('Alejandro', 'Campos Franco', 65941321, 'miércoles a domingo 11:00-19:00', 'alejandro.campos50@hospital.com', 5),
('Yanira', 'Méndez Sosa', 77537416, 'miércoles a sábado 10:00-18:00', 'yanira.méndez51@hospital.com', 6),
('Ericka', 'Flores Salinas', 68235423, 'martes a sábado 10:00-18:00', 'ericka.flores52@hospital.com', 15),
('Ericka', 'Cruz Cordero', 64295328, 'martes a sábado 10:00-18:00', 'ericka.cruz53@hospital.com', 12),
('Edith', 'Argueta Bermúdez', 79870135, 'miércoles a domingo 11:00-19:00', 'edith.argueta54@hospital.com', 11),
('Ricardo', 'Meléndez Zepeda', 75657890, 'lunes a viernes 8:00-16:00', 'ricardo.meléndez55@hospital.com', 8),
('Rolando', 'Campos Cañas', 67751273, 'martes a viernes 8:00-16:00', 'rolando.campos56@hospital.com', 18),
('Zoila', 'Escalante Linares', 78730427, 'lunes a viernes 8:30-16:30', 'zoila.escalante57@hospital.com', 18),
('Estela', 'Guzmán Bonilla', 65678290, 'jueves a lunes 12:00-20:00', 'estela.guzmán58@hospital.com', 2),
('Joel', 'Granados Henríquez', 62488841, 'lunes a viernes 8:30-16:30', 'joel.granados59@hospital.com', 19),
('Marvin', 'Estrada Flores', 65850320, 'martes a sábado 10:00-18:00', 'marvin.estrada60@hospital.com', 2),
('Nidia', 'Morales Salguero', 67528233, 'miércoles a domingo 11:00-19:00', 'nidia.morales61@hospital.com', 15),
('Ever', 'Avelar Rosa', 61553166, 'miércoles a domingo 11:00-19:00', 'ever.avelar62@hospital.com', 12),
('Fredy', 'Meléndez Arevalo', 78940687, 'miércoles a sábado 10:00-18:00', 'fredy.meléndez63@hospital.com', 20),
('Ernesto', 'Arias López', 71110607, 'lunes a sábado 8:00-14:00', 'ernesto.arias64@hospital.com', 10),
('Estela', 'Molina Varela', 67769896, 'martes a sábado 10:00-18:00', 'estela.molina65@hospital.com', 16),
('Gladis', 'Sandoval Argueta', 64172305, 'lunes a viernes 8:30-16:30', 'gladis.sandoval66@hospital.com', 17),
('Rosibel', 'Castillo Castillo', 73444571, 'lunes a viernes 14:00-22:00', 'rosibel.castillo67@hospital.com', 18),
('Nuria', 'Medina Huezo', 79988354, 'lunes a viernes 10:00-18:00', 'nuria.medina68@hospital.com', 2),
('Dina', 'Chicas Chicas', 72458766, 'jueves a lunes 12:00-20:00', 'dina.chicas69@hospital.com', 1),
('Ericka', 'Cruz Estrada', 73829775, 'lunes a viernes 8:30-16:30', 'ericka.cruz70@hospital.com', 15),
('Julio', 'Gámez Ponce', 68621016, 'miércoles a sábado 10:00-18:00', 'julio.gámez71@hospital.com', 16),
('Rafael', 'Melara Pérez', 61361934, 'martes a viernes 8:00-16:00', 'rafael.melara72@hospital.com', 7),
('Nidia', 'Medina Ayala', 66138433, 'lunes a viernes 13:00-21:00', 'nidia.medina73@hospital.com', 16);

INSERT INTO cita (id_cita, id_paciente, id_medico, id_estado, fecha_hora) VALUES
(1, 64, 73, 12, '2023-05-15 08:49:00'),
(2, 262, 8, 11, '2022-08-31 16:41:00'),
(3, 398, 22, 4, '2023-12-13 10:55:00'),
(4, 319, 11, 14, '2023-02-24 16:48:00'),
(5, 374, 7, 3, '2022-11-30 11:22:00'),
(6, 206, 7, 7, '2023-08-07 09:02:00'),
(7, 281, 10, 7, '2022-12-19 15:09:00'),
(8, 147, 59, 6, '2022-09-05 14:04:00'),
(9, 44, 71, 1, '2022-12-26 13:25:00'),
(10, 384, 40, 13, '2024-05-16 16:02:00'),
(11, 275, 62, 11, '2023-12-12 13:56:00'),
(12, 97, 64, 6, '2024-04-05 15:13:00'),
(13, 221, 25, 8, '2024-05-24 12:37:00'),
(14, 211, 49, 1, '2023-01-10 11:59:00'),
(15, 89, 12, 14, '2022-12-05 14:14:00'),
(16, 375, 14, 1, '2022-08-10 13:59:00'),
(17, 46, 69, 9, '2022-08-22 13:35:00'),
(18, 244, 46, 9, '2023-01-03 08:41:00'),
(19, 322, 38, 12, '2024-03-31 16:28:00'),
(20, 383, 63, 4, '2024-01-22 12:39:00'),
(21, 138, 4, 8, '2023-05-17 13:11:00'),
(22, 88, 40, 9, '2023-03-15 15:04:00'),
(23, 119, 52, 9, '2023-09-06 09:39:00'),
(24, 139, 1, 14, '2022-08-01 14:00:00'),
(25, 120, 66, 4, '2024-06-20 14:10:00'),
(26, 258, 12, 1, '2023-01-08 08:51:00'),
(27, 146, 40, 4, '2023-08-12 11:35:00'),
(28, 370, 21, 15, '2023-06-09 09:15:00'),
(29, 129, 4, 12, '2023-01-21 12:45:00'),
(30, 43, 33, 3, '2024-02-09 09:48:00'),
(31, 285, 21, 8, '2023-02-21 15:06:00'),
(32, 135, 35, 7, '2023-10-18 13:13:00'),
(33, 121, 23, 4, '2022-10-05 16:22:00'),
(34, 307, 26, 7, '2022-09-13 10:54:00'),
(35, 375, 72, 11, '2023-11-22 13:02:00'),
(36, 31, 48, 1, '2022-10-15 10:57:00'),
(37, 369, 50, 7, '2023-10-06 15:48:00'),
(38, 174, 31, 13, '2022-07-26 15:10:00'),
(39, 359, 35, 3, '2024-06-14 15:16:00'),
(40, 390, 47, 12, '2022-08-23 11:46:00'),
(41, 63, 52, 14, '2024-01-05 09:33:00'),
(42, 201, 67, 1, '2024-05-04 11:08:00'),
(43, 129, 35, 12, '2023-03-07 15:33:00'),
(44, 131, 14, 8, '2023-10-23 09:13:00'),
(45, 170, 9, 9, '2024-03-17 10:43:00'),
(46, 39, 65, 12, '2023-10-18 15:34:00'),
(47, 367, 61, 8, '2022-09-04 09:12:00'),
(48, 123, 10, 14, '2024-05-31 13:41:00'),
(49, 201, 18, 7, '2023-09-03 16:09:00'),
(50, 83, 16, 6, '2023-04-22 10:04:00'),
(51, 369, 22, 9, '2023-12-21 11:56:00'),
(52, 251, 9, 8, '2023-11-06 10:28:00'),
(53, 170, 67, 7, '2024-05-15 08:59:00'),
(54, 208, 41, 14, '2022-11-09 16:12:00'),
(55, 38, 41, 1, '2023-08-30 08:28:00'),
(56, 214, 58, 1, '2024-03-20 12:20:00'),
(57, 205, 32, 5, '2024-05-25 15:29:00'),
(58, 154, 28, 4, '2022-11-09 13:26:00'),
(59, 248, 8, 15, '2022-11-23 14:05:00'),
(60, 86, 14, 11, '2023-07-23 16:30:00'),
(61, 84, 13, 13, '2024-02-08 16:56:00'),
(62, 140, 70, 15, '2022-10-06 14:06:00'),
(63, 207, 30, 7, '2023-08-02 10:49:00'),
(64, 96, 47, 11, '2024-03-13 08:02:00'),
(65, 40, 30, 8, '2022-08-16 10:30:00'),
(66, 158, 52, 11, '2022-08-10 11:10:00'),
(67, 396, 5, 7, '2023-05-21 08:05:00'),
(68, 278, 61, 3, '2023-01-08 13:52:00'),
(69, 351, 67, 12, '2022-12-15 10:04:00'),
(70, 164, 45, 1, '2024-05-10 08:26:00'),
(71, 228, 3, 3, '2024-01-19 09:25:00'),
(72, 380, 50, 15, '2024-02-06 11:03:00'),
(73, 102, 10, 9, '2024-01-08 14:24:00'),
(74, 33, 20, 8, '2023-02-10 11:54:00'),
(75, 159, 66, 13, '2023-04-18 10:57:00'),
(76, 189, 12, 4, '2023-06-13 15:51:00'),
(77, 323, 19, 2, '2024-04-23 08:24:00'),
(78, 12, 38, 6, '2024-02-29 16:53:00'),
(79, 140, 60, 14, '2023-12-27 10:27:00'),
(80, 383, 8, 1, '2022-09-20 08:10:00'),
(81, 206, 46, 6, '2023-02-27 15:56:00'),
(82, 43, 42, 1, '2023-04-25 08:25:00'),
(83, 26, 43, 15, '2023-08-10 14:47:00'),
(84, 175, 67, 6, '2023-04-18 10:50:00'),
(85, 76, 60, 5, '2023-06-08 11:05:00'),
(86, 372, 54, 15, '2024-03-12 11:33:00'),
(87, 385, 25, 6, '2024-05-23 16:05:00'),
(88, 396, 6, 12, '2023-01-18 13:07:00'),
(89, 99, 49, 3, '2024-04-05 13:00:00'),
(90, 45, 23, 8, '2022-09-21 09:15:00'),
(91, 182, 46, 10, '2023-07-13 10:55:00'),
(92, 77, 56, 10, '2024-06-28 09:30:00'),
(93, 238, 18, 10, '2022-12-07 17:00:00'),
(94, 278, 63, 5, '2023-04-12 11:19:00'),
(95, 124, 56, 4, '2023-08-07 16:14:00'),
(96, 50, 26, 14, '2023-02-09 11:12:00'),
(97, 136, 42, 4, '2024-05-07 10:02:00'),
(98, 170, 57, 5, '2024-05-21 10:24:00'),
(99, 80, 45, 15, '2024-04-14 15:32:00'),
(100, 8, 59, 2, '2023-03-18 08:02:00'),
(101, 297, 28, 3, '2023-03-21 08:39:00'),
(102, 278, 73, 5, '2024-05-31 11:18:00'),
(103, 301, 16, 11, '2023-02-20 10:07:00'),
(104, 217, 49, 9, '2023-03-15 11:07:00'),
(105, 179, 54, 11, '2023-06-15 11:31:00'),
(106, 327, 58, 12, '2022-10-27 14:46:00'),
(107, 352, 30, 15, '2024-01-02 12:03:00'),
(108, 30, 40, 4, '2023-04-04 14:07:00'),
(109, 72, 62, 2, '2023-07-28 09:20:00'),
(110, 133, 30, 10, '2023-10-26 12:52:00'),
(111, 128, 42, 7, '2024-06-28 12:48:00'),
(112, 367, 50, 12, '2022-10-11 11:47:00'),
(113, 313, 25, 6, '2022-07-20 09:16:00'),
(114, 59, 61, 6, '2023-03-27 08:50:00'),
(115, 71, 54, 3, '2022-09-23 09:22:00'),
(116, 191, 31, 13, '2024-07-14 16:22:00'),
(117, 369, 63, 13, '2022-07-23 16:20:00'),
(118, 62, 48, 3, '2023-01-13 10:54:00'),
(119, 100, 5, 11, '2024-03-24 13:49:00'),
(120, 161, 1, 8, '2023-07-30 16:10:00'),
(121, 245, 68, 15, '2023-07-19 14:56:00'),
(122, 114, 51, 5, '2022-09-24 11:48:00'),
(123, 320, 37, 9, '2023-01-29 13:44:00'),
(124, 35, 45, 2, '2024-03-13 12:58:00'),
(125, 186, 34, 10, '2022-11-06 14:29:00'),
(126, 388, 68, 4, '2023-12-12 17:00:00'),
(127, 215, 6, 7, '2023-05-27 16:04:00'),
(128, 26, 49, 2, '2023-06-13 08:13:00'),
(129, 311, 67, 14, '2023-09-24 16:08:00'),
(130, 278, 48, 15, '2023-07-15 15:05:00'),
(131, 309, 3, 8, '2022-09-15 14:57:00'),
(132, 360, 3, 7, '2023-05-29 14:26:00'),
(133, 151, 47, 14, '2024-02-17 09:56:00'),
(134, 157, 47, 2, '2024-04-06 13:34:00'),
(135, 39, 54, 13, '2024-04-14 14:28:00'),
(136, 68, 8, 10, '2023-01-02 10:54:00'),
(137, 349, 40, 5, '2023-05-27 15:42:00'),
(138, 237, 11, 14, '2024-02-27 14:03:00'),
(139, 188, 35, 6, '2023-05-28 09:38:00'),
(140, 42, 20, 6, '2022-12-23 11:54:00'),
(141, 231, 72, 7, '2023-07-06 11:58:00'),
(142, 144, 13, 6, '2022-10-17 12:42:00'),
(143, 288, 52, 12, '2023-04-01 14:38:00'),
(144, 191, 42, 2, '2023-02-19 12:22:00'),
(145, 269, 57, 9, '2022-11-09 08:15:00'),
(146, 366, 72, 6, '2024-03-04 09:54:00'),
(147, 305, 51, 2, '2023-04-25 08:47:00'),
(148, 181, 52, 11, '2024-06-28 09:54:00'),
(149, 220, 33, 14, '2023-07-26 16:05:00'),
(150, 93, 46, 4, '2024-02-14 13:56:00'),
(151, 302, 9, 6, '2022-11-10 12:58:00'),
(152, 338, 15, 9, '2023-11-03 15:32:00'),
(153, 185, 43, 3, '2023-11-12 11:50:00'),
(154, 32, 26, 15, '2024-04-15 08:04:00'),
(155, 199, 1, 1, '2024-04-11 16:20:00'),
(156, 130, 66, 5, '2022-08-24 08:36:00'),
(157, 226, 60, 5, '2023-09-20 16:43:00'),
(158, 43, 51, 3, '2023-08-30 13:32:00'),
(159, 313, 28, 10, '2024-01-02 11:23:00'),
(160, 335, 23, 1, '2022-10-27 14:08:00'),
(161, 191, 48, 7, '2023-04-03 08:28:00'),
(162, 281, 36, 5, '2022-11-10 08:24:00'),
(163, 171, 10, 13, '2024-04-03 10:32:00'),
(164, 51, 40, 4, '2022-09-03 14:54:00'),
(165, 156, 33, 9, '2023-10-10 12:46:00'),
(166, 141, 21, 14, '2024-05-22 15:46:00'),
(167, 141, 7, 7, '2022-09-13 11:21:00'),
(168, 325, 8, 12, '2023-01-05 08:47:00'),
(169, 168, 49, 3, '2023-12-01 10:53:00'),
(170, 232, 30, 13, '2022-09-09 13:09:00'),
(171, 217, 50, 9, '2024-04-11 16:28:00'),
(172, 224, 44, 8, '2022-10-11 09:00:00'),
(173, 11, 63, 5, '2023-04-26 12:53:00'),
(174, 322, 9, 2, '2023-12-20 15:07:00'),
(175, 368, 33, 14, '2023-04-28 12:03:00'),
(176, 180, 9, 5, '2022-09-13 11:04:00'),
(177, 118, 21, 4, '2023-07-29 12:17:00'),
(178, 141, 67, 6, '2024-02-29 10:06:00'),
(179, 55, 20, 10, '2024-02-22 12:01:00'),
(180, 363, 56, 11, '2024-03-15 10:42:00'),
(181, 333, 61, 4, '2024-06-12 08:37:00'),
(182, 297, 25, 15, '2023-02-27 14:01:00'),
(183, 365, 41, 3, '2023-04-23 15:43:00'),
(184, 61, 16, 9, '2022-10-11 08:48:00'),
(185, 20, 57, 7, '2023-08-02 10:44:00'),
(186, 363, 62, 13, '2024-01-10 15:45:00'),
(187, 159, 51, 15, '2022-10-14 16:51:00'),
(188, 278, 50, 13, '2024-06-04 11:54:00'),
(189, 209, 58, 6, '2023-08-21 10:39:00'),
(190, 211, 53, 11, '2023-03-06 10:03:00'),
(191, 46, 37, 5, '2024-02-22 11:46:00'),
(192, 337, 31, 11, '2023-05-22 14:41:00'),
(193, 374, 22, 12, '2023-02-04 10:01:00'),
(194, 16, 50, 15, '2023-05-01 08:55:00'),
(195, 296, 35, 9, '2023-12-11 14:41:00'),
(196, 71, 25, 7, '2023-05-11 08:58:00'),
(197, 279, 43, 1, '2024-03-22 14:54:00'),
(198, 29, 16, 5, '2023-11-17 15:21:00');

INSERT INTO consulta (id_consulta, id_cita, id_diagnostico, observaciones, fecha_consulta) VALUES
(1, 197, 145, 'mejoría tras ajuste de dosis.', '2023-03-17'),
(2, 33, 97, 'paciente refiere dolor de cabeza y mareos.', '2024-02-16'),
(3, 21, 12, 'se indicó reposo y medicación sintomática.', '2022-09-23'),
(4, 194, 71, 'seguimiento postoperatorio favorable.', '2023-10-02'),
(5, 184, 92, 'examen físico sin hallazgos relevantes.', '2023-12-25'),
(6, 189, 94, 'dolor torácico de origen muscular.', '2023-12-15'),
(7, 9, 120, 'reacción adversa a medicamento.', '2023-01-11'),
(8, 174, 10, 'control postquirúrgico satisfactorio.', '2024-03-09'),
(9, 22, 8, 'requirió oxigenoterapia breve.', '2023-05-07'),
(10, 152, 168, 'paciente refiere dolor de cabeza y mareos.', '2023-04-02'),
(11, 72, 73, 'control postquirúrgico satisfactorio.', '2024-02-03'),
(12, 58, 16, 'se recomienda descanso y líquidos.', '2024-06-29'),
(13, 133, 83, 'control evolutivo: se indicó reposo y medicación sintomática.', '2022-07-19'),
(14, 115, 69, 'se reportó arritmia leve.', '2023-11-30'),
(15, 31, 85, 'evaluación cardiológica sin alteraciones.', '2024-07-15'),
(16, 42, 146, 'se realizó curación de herida.', '2022-10-26'),
(17, 185, 45, 'seguimiento de tratamiento, refiere insomnio ocasional.', '2024-02-04'),
(18, 183, 21, 'requirió hidratación intravenosa.', '2023-09-17'),
(19, 136, 88, 'segunda consulta del mes, síntomas alérgicos controlados.', '2023-11-30'),
(20, 193, 126, 'revisión de medicación crónica.', '2023-04-11'),
(21, 61, 193, 'presenta dificultad para caminar.', '2023-07-22'),
(22, 83, 43, 'se descartó proceso infeccioso.', '2022-07-28'),
(23, 134, 70, 'descompensación de hipertensión arterial.', '2022-07-22'),
(24, 65, 52, 'se descartó proceso infeccioso.', '2024-03-27'),
(25, 159, 60, 'signos de deshidratación leve.', '2024-05-07'),
(26, 196, 115, 'control evolutivo: persisten síntomas de fatiga y tos.', '2023-01-01'),
(27, 50, 121, 'acudió por dificultad respiratoria leve.', '2024-05-15'),
(28, 17, 179, 'dolor lumbar de origen muscular.', '2023-03-11'),
(29, 1, 148, 'evaluación post-tratamiento, se indicó reposo y medicación sintomática.', '2024-06-29'),
(30, 165, 1, 'mejoría tras ajuste de dosis.', '2022-12-21'),
(31, 112, 140, 'se indicó estudio de laboratorio.', '2023-06-18'),
(32, 101, 163, 'descompensación de hipertensión arterial.', '2024-02-03'),
(33, 7, 87, 'se recomendó consulta con especialista.', '2023-12-02'),
(34, 90, 17, 'seguimiento de tratamiento, sin alteraciones neurológicas.', '2023-06-03'),
(35, 59, 130, 'sin alteraciones neurológicas.', '2023-03-08'),
(36, 66, 44, 'episodio reciente de ansiedad.', '2023-10-01'),
(37, 198, 148, 'se indicó estudio de laboratorio.', '2023-09-23'),
(38, 141, 134, 'segunda consulta del mes, paciente refiere dolor de cabeza y mareos.', '2023-01-21'),
(39, 45, 25, 'control evolutivo: evaluación cardiológica sin alteraciones.', '2022-12-11'),
(40, 13, 31, 'requirió oxigenoterapia breve.', '2023-09-29'),
(41, 143, 124, 'control metabólico estable.', '2024-03-06'),
(42, 145, 123, 'examen de fondo de ojo normal.', '2022-08-13'),
(43, 142, 57, 'acudió por dificultad respiratoria leve.', '2022-10-15'),
(44, 39, 118, 'se reportó arritmia leve.', '2024-02-05'),
(45, 14, 1, 'no presenta fiebre en últimas 24 horas.', '2024-06-22'),
(46, 53, 127, 'se detectó infección urinaria incipiente.', '2023-09-10'),
(47, 158, 83, 'signos de alergia alimentaria.', '2023-08-24'),
(48, 92, 193, 'se descartó proceso infeccioso.', '2023-11-02'),
(49, 161, 49, 'síntomas alérgicos controlados.', '2022-11-09'),
(50, 146, 28, 'síntomas alérgicos controlados.', '2024-06-07'),
(51, 139, 147, 'seguimiento de tratamiento, se descartó patología digestiva.', '2022-09-04'),
(52, 182, 78, 'control evolutivo: examen físico sin hallazgos relevantes.', '2023-09-21'),
(53, 147, 190, 'mejoría tras ajuste de dosis.', '2022-12-24'),
(54, 135, 161, 'reporte de presión arterial elevada.', '2023-05-23'),
(55, 177, 165, 'se descartó proceso infeccioso.', '2022-12-17'),
(56, 163, 71, 'signos de alergia alimentaria.', '2023-03-02'),
(57, 162, 73, 'segunda consulta del mes, episodio de crisis asmática controlada.', '2022-09-20'),
(58, 43, 1, 'evaluación post-tratamiento, examen de fondo de ojo normal.', '2024-07-14'),
(59, 140, 96, 'requirió hidratación intravenosa.', '2023-06-14'),
(60, 175, 157, 'control de glucosa adecuado.', '2023-09-22'),
(61, 11, 113, 'se detectó infección urinaria incipiente.', '2024-03-16'),
(62, 48, 75, 'evolución favorable al tratamiento.', '2024-06-30'),
(63, 190, 195, 'control de diabetes sin complicaciones.', '2023-08-22'),
(64, 117, 156, 'se reportó arritmia leve.', '2023-08-19'),
(65, 82, 32, 'control evolutivo: evaluación cardiológica sin alteraciones.', '2023-08-02'),
(66, 64, 132, 'se descartó patología digestiva.', '2024-05-26'),
(67, 129, 138, 'mejoría tras terapia física.', '2024-05-24'),
(68, 110, 12, 'seguimiento de tratamiento, síntomas alérgicos controlados.', '2023-09-12'),
(69, 126, 122, 'no se detectan signos de recaída.', '2023-02-22'),
(70, 130, 22, 'dolor lumbar de origen muscular.', '2023-09-17'),
(71, 186, 84, 'se detectó hipertensión pulmonar.', '2024-07-14'),
(72, 167, 115, 'examen de fondo de ojo normal.', '2022-10-12'),
(73, 51, 98, 'evolución favorable al tratamiento.', '2024-03-28'),
(74, 151, 66, 'evaluación cardiológica sin alteraciones.', '2023-08-24'),
(75, 15, 103, 'mejoría clínica significativa.', '2024-04-22'),
(76, 19, 53, 'segunda consulta del mes, diagnóstico de anemia leve.', '2024-05-12'),
(77, 100, 167, 'requiere seguimiento con psiquiatría.', '2022-10-19'),
(78, 160, 39, 'control evolutivo: dolor lumbar de origen muscular.', '2022-09-28'),
(79, 34, 137, 'no presenta fiebre en últimas 24 horas.', '2023-02-11'),
(80, 4, 149, 'reporte de presión arterial elevada.', '2023-11-24'),
(81, 116, 70, 'persisten síntomas de fatiga y tos.', '2024-07-02'),
(82, 91, 53, 'requirió hidratación intravenosa.', '2023-08-27'),
(83, 44, 77, 'revisión anual sin novedades.', '2023-06-09'),
(84, 132, 5, 'no presenta fiebre en últimas 24 horas.', '2023-10-04'),
(85, 109, 43, 'seguimiento de tratamiento, control metabólico estable.', '2023-07-14'),
(86, 23, 43, 'se recomendó consulta con especialista.', '2023-03-16'),
(87, 125, 143, 'evaluación post-tratamiento, presenta vómitos y diarrea aguda.', '2024-07-02'),
(88, 157, 150, 'síntomas alérgicos controlados.', '2022-11-21'),
(89, 105, 134, 'se recomendó control nutricional.', '2023-07-18'),
(90, 52, 145, 'sin evidencia de infección activa.', '2024-01-26'),
(91, 85, 134, 'control evolutivo: cuadro febril autolimitado.', '2024-07-03'),
(92, 106, 189, 'se detectó hipertensión pulmonar.', '2023-01-31'),
(93, 8, 176, 'examen físico sin hallazgos relevantes.', '2024-05-18'),
(94, 28, 27, 'seguimiento postoperatorio favorable.', '2024-04-22'),
(95, 56, 95, 'segunda consulta del mes, descompensación de hipertensión arterial.', '2022-10-10'),
(96, 29, 189, 'requirió oxigenoterapia breve.', '2022-07-29'),
(97, 74, 127, 'evolución favorable al tratamiento.', '2023-10-20'),
(98, 97, 194, 'refiere insomnio ocasional.', '2023-11-18'),
(99, 107, 173, 'descompensación de hipertensión arterial.', '2022-11-18'),
(100, 47, 99, 'se recomienda descanso y líquidos.', '2023-08-28'),
(101, 57, 95, 'sin evidencia de infección activa.', '2023-11-30'),
(102, 120, 32, 'seguimiento de tratamiento, indicó aumento de actividad física.', '2023-10-13'),
(103, 98, 181, 'descompensación de hipertensión arterial.', '2022-08-16'),
(104, 49, 159, 'control evolutivo: descompensación de hipertensión arterial.', '2023-04-25'),
(105, 180, 124, 'episodio depresivo en remisión.', '2023-10-03'),
(106, 36, 56, 'se detectó hipertensión pulmonar.', '2022-07-29'),
(107, 30, 32, 'mejoría tras ajuste de dosis.', '2023-09-11'),
(108, 95, 24, 'no presenta fiebre en últimas 24 horas.', '2022-10-23'),
(109, 168, 138, 'reacción adversa a medicamento.', '2022-09-03'),
(110, 84, 121, 'paciente refiere dolor de cabeza y mareos.', '2023-07-25'),
(111, 144, 68, 'no presenta fiebre en últimas 24 horas.', '2024-06-17'),
(112, 40, 119, 'descompensación de hipertensión arterial.', '2023-04-26'),
(113, 176, 56, 'síntomas alérgicos controlados.', '2023-09-19'),
(114, 170, 54, 'segunda consulta del mes, indicó aumento de actividad física.', '2024-03-31'),
(115, 122, 185, 'se recomienda descanso y líquidos.', '2024-01-08'),
(116, 76, 52, 'evaluación post-tratamiento, reacción adversa a medicamento.', '2022-12-27'),
(117, 88, 182, 'control evolutivo: agudización de dolor articular.', '2023-01-24'),
(118, 108, 24, 'se controló dolor con analgésicos.', '2022-11-28'),
(119, 111, 163, 'seguimiento de tratamiento, episodio depresivo en remisión.', '2023-07-03'),
(120, 20, 8, 'no se detectan signos de recaída.', '2023-11-01'),
(121, 67, 129, 'examen de fondo de ojo normal.', '2024-02-06'),
(122, 81, 43, 'episodio depresivo en remisión.', '2022-11-24'),
(123, 86, 160, 'presenta dificultad para caminar.', '2023-03-22'),
(124, 169, 87, 'se indicó estudio de laboratorio.', '2023-09-14'),
(125, 150, 44, 'examen físico sin hallazgos relevantes.', '2024-06-28'),
(126, 46, 56, 'se indicó reposo y medicación sintomática.', '2024-01-28'),
(127, 75, 122, 'mejoría tras terapia física.', '2022-11-20'),
(128, 32, 13, 'se controló dolor con analgésicos.', '2023-05-15'),
(129, 89, 23, 'descompensación de hipertensión arterial.', '2024-06-01'),
(130, 179, 26, 'control evolutivo: diagnóstico de anemia leve.', '2022-12-16'),
(131, 38, 147, 'revisión anual sin novedades.', '2024-03-09'),
(132, 37, 58, 'control de glucosa adecuado.', '2022-09-27'),
(133, 93, 182, 'segunda consulta del mes, se recomienda descanso y líquidos.', '2024-01-27'),
(134, 191, 39, 'dolor lumbar de origen muscular.', '2024-07-04'),
(135, 62, 49, 'diagnóstico de anemia leve.', '2023-05-23'),
(136, 171, 44, 'seguimiento de tratamiento, signos de deshidratación leve.', '2024-01-02'),
(137, 24, 106, 'se indicó estudio de laboratorio.', '2022-10-03'),
(138, 114, 177, 'sin alteraciones neurológicas.', '2023-05-03'),
(139, 127, 186, 'dolor lumbar de origen muscular.', '2023-04-28'),
(140, 77, 5, 'seguimiento postoperatorio favorable.', '2022-12-27'),
(141, 94, 170, 'episodio de crisis asmática controlada.', '2023-01-12'),
(142, 113, 91, 'requirió oxigenoterapia breve.', '2023-03-19'),
(143, 118, 76, 'control evolutivo: indicó aumento de actividad física.', '2023-03-13'),
(144, 173, 31, 'control de diabetes sin complicaciones.', '2023-04-30'),
(145, 27, 19, 'evaluación post-tratamiento, dolor de garganta persistente.', '2023-05-12'),
(146, 71, 156, 'no se observaron signos de alarma.', '2023-03-25'),
(147, 121, 46, 'se controló dolor con analgésicos.', '2022-10-25'),
(148, 103, 30, 'requirió oxigenoterapia breve.', '2024-06-01'),
(149, 154, 181, 'mejoría tras ajuste de dosis.', '2022-12-10'),
(150, 80, 23, 'examen físico sin hallazgos relevantes.', '2024-03-09'),
(151, 35, 2, 'no presenta fiebre en últimas 24 horas.', '2022-08-27'),
(152, 153, 140, 'segunda consulta del mes, dolor lumbar de origen muscular.', '2023-06-20'),
(153, 119, 156, 'seguimiento de tratamiento, control de diabetes sin complicaciones.', '2022-08-02'),
(154, 181, 87, 'se descartó patología digestiva.', '2024-03-22'),
(155, 70, 134, 'presenta vómitos y diarrea aguda.', '2023-10-02'),
(156, 6, 86, 'control evolutivo: seguimiento postoperatorio favorable.', '2024-03-22'),
(157, 164, 91, 'requirió oxigenoterapia breve.', '2022-08-28'),
(158, 96, 61, 'presenta vómitos y diarrea aguda.', '2023-11-02'),
(159, 123, 164, 'se recomendó control nutricional.', '2023-09-17'),
(160, 149, 93, 'dolor de garganta persistente.', '2024-05-11'),
(161, 68, 31, 'dolor torácico de origen muscular.', '2023-07-30'),
(162, 131, 194, 'reporte de presión arterial elevada.', '2022-12-02'),
(163, 156, 52, 'no se detectan signos de recaída.', '2023-12-20'),
(164, 12, 71, 'se reportó arritmia leve.', '2022-10-03'),
(165, 124, 146, 'sin alteraciones neurológicas.', '2024-02-15'),
(166, 26, 133, 'revisión anual sin novedades.', '2023-03-28'),
(167, 10, 178, 'persisten síntomas de fatiga y tos.', '2022-12-19'),
(168, 172, 95, 'presentó fiebre y dolor abdominal.', '2024-05-14'),
(169, 166, 103, 'control evolutivo: paciente refiere dolor de cabeza y mareos.', '2023-02-14'),
(170, 73, 27, 'seguimiento de tratamiento, paciente refiere cefalea nocturna.', '2024-05-26'),
(171, 148, 131, 'segunda consulta del mes, sin alteraciones neurológicas.', '2023-08-12'),
(172, 18, 66, 'control prenatal sin complicaciones.', '2023-02-01'),
(173, 60, 31, 'revisión de medicación crónica.', '2022-10-29'),
(174, 192, 43, 'evaluación post-tratamiento, presentó fiebre y dolor abdominal.', '2022-08-09'),
(175, 155, 167, 'requiere seguimiento con psiquiatría.', '2023-08-11'),
(176, 2, 151, 'control de diabetes sin complicaciones.', '2023-05-15'),
(177, 5, 16, 'requirió hidratación intravenosa.', '2022-09-10'),
(178, 69, 194, 'acudió por dificultad respiratoria leve.', '2023-01-12'),
(179, 195, 169, 'dolor de garganta persistente.', '2022-12-01'),
(180, 41, 130, 'mejoría tras ajuste de dosis.', '2022-11-19'),
(181, 79, 66, 'dolor lumbar de origen muscular.', '2024-01-14'),
(182, 25, 54, 'control evolutivo: no se observaron signos de alarma.', '2023-06-24'),
(183, 78, 54, 'acudió por dificultad respiratoria leve.', '2022-10-22'),
(184, 54, 150, 'reacción adversa a medicamento.', '2022-09-25'),
(185, 16, 2, 'examen físico sin hallazgos relevantes.', '2024-03-09'),
(186, 104, 189, 'se indicó reposo y medicación sintomática.', '2023-04-09'),
(187, 187, 160, 'seguimiento de tratamiento, se diagnosticó cuadro viral común.', '2023-01-16'),
(188, 99, 5, 'se reportó arritmia leve.', '2022-10-16'),
(189, 137, 125, 'episodio de crisis asmática controlada.', '2022-08-01'),
(190, 55, 85, 'segunda consulta del mes, revisión anual sin novedades.', '2023-04-24'),
(191, 138, 20, 'no presenta fiebre en últimas 24 horas.', '2024-06-04'),
(192, 128, 29, 'persisten síntomas de fatiga y tos.', '2024-06-11'),
(193, 63, 160, 'revisión anual sin novedades.', '2023-04-26'),
(194, 102, 66, 'episodio depresivo en remisión.', '2023-10-23'),
(195, 178, 111, 'control evolutivo: se descartó proceso infeccioso.', '2023-08-08'),
(196, 188, 193, 'evolución favorable al tratamiento.', '2023-01-16'),
(197, 3, 97, 'episodio depresivo en remisión.', '2023-06-08'),
(198, 87, 7, 'episodio reciente de ansiedad.', '2023-11-01'),
(199, 121, 155, 'requirió hidratación intravenosa.', '2024-07-29'),
(200, 54, 128, 'reacción adversa a medicamento.', '2022-08-20'),
(201, 84, 160, 'agudización de dolor articular.', '2023-02-21'),
(202, 145, 87, 'se recomienda descanso y líquidos.', '2022-11-12'),
(203, 144, 113, 'evaluación post-tratamiento, se realizó curación de herida.', '2024-07-01'),
(204, 140, 30, 'seguimiento de tratamiento, signos de deshidratación leve.', '2022-10-01'),
(205, 47, 193, 'refiere insomnio ocasional.', '2023-01-21'),
(206, 132, 138, 'se recomendó consulta con especialista.', '2023-06-06'),
(207, 37, 16, 'se diagnosticó cuadro viral común.', '2024-05-15'),
(208, 98, 143, 'control evolutivo: diagnóstico de anemia leve.', '2022-09-12'),
(209, 134, 27, 'segunda consulta del mes, signos de alergia alimentaria.', '2024-05-31'),
(210, 86, 195, 'paciente refiere dolor de cabeza y mareos.', '2023-01-04'),
(211, 21, 169, 'mejoría tras terapia física.', '2023-10-28'),
(212, 182, 30, 'se indicó estudio de laboratorio.', '2024-02-25'),
(213, 16, 97, 'episodio reciente de ansiedad.', '2024-04-20'),
(214, 78, 57, 'se reportó arritmia leve.', '2024-01-27'),
(215, 50, 70, 'mejoría tras terapia física.', '2024-06-10'),
(216, 82, 184, 'nuevo brote de dermatitis atópica.', '2024-05-04'),
(217, 92, 36, 'se detectó infección urinaria incipiente.', '2024-01-01'),
(218, 134, 5, 'se detectó infección urinaria incipiente.', '2023-07-27'),
(219, 168, 101, 'mejoría clínica significativa.', '2022-08-05'),
(220, 145, 165, 'control de diabetes sin complicaciones.', '2023-08-04'),
(221, 154, 189, 'control evolutivo: se reportó arritmia leve.', '2024-03-18'),
(222, 43, 67, 'dolor torácico de origen muscular.', '2022-08-21'),
(223, 75, 21, 'se detectó infección urinaria incipiente.', '2023-04-02'),
(224, 40, 111, 'se recomendó control nutricional.', '2023-09-30'),
(225, 95, 130, 'requirió oxigenoterapia breve.', '2023-07-05'),
(226, 190, 100, 'control de diabetes sin complicaciones.', '2023-08-25'),
(227, 183, 61, 'nuevo brote de dermatitis atópica.', '2024-01-28'),
(228, 41, 56, 'segunda consulta del mes, evaluación cardiológica sin alteraciones.', '2023-04-24'),
(229, 180, 143, 'control metabólico estable.', '2024-07-21'),
(230, 43, 195, 'mejoría tras ajuste de dosis.', '2023-11-09'),
(231, 98, 149, 'control prenatal sin complicaciones.', '2024-05-30'),
(232, 190, 26, 'evaluación post-tratamiento, se descartó proceso infeccioso.', '2024-03-31'),
(233, 146, 143, 'paciente refiere dolor de cabeza y mareos.', '2023-12-30'),
(234, 30, 167, 'control evolutivo: mejoría tras ajuste de dosis.', '2023-05-10'),
(235, 114, 118, 'requirió hidratación intravenosa.', '2023-09-27'),
(236, 147, 78, 'se recomendó control nutricional.', '2024-02-19'),
(237, 21, 154, 'examen de fondo de ojo normal.', '2022-09-25'),
(238, 34, 156, 'seguimiento de tratamiento, reporte de presión arterial elevada.', '2022-09-18'),
(239, 17, 59, 'control prenatal sin complicaciones.', '2024-06-18'),
(240, 1, 167, 'se realizó curación de herida.', '2023-02-20'),
(241, 197, 47, 'síntomas alérgicos controlados.', '2023-01-01'),
(242, 189, 19, 'se descartó proceso infeccioso.', '2022-08-25'),
(243, 168, 134, 'se indicó reposo y medicación sintomática.', '2023-10-09'),
(244, 195, 80, 'signos de deshidratación leve.', '2024-01-31'),
(245, 4, 11, 'evaluación cardiológica sin alteraciones.', '2024-06-08'),
(246, 146, 150, 'control metabólico estable.', '2022-11-05'),
(247, 154, 18, 'control evolutivo: se recomendó control nutricional.', '2023-05-16'),
(248, 190, 76, 'diagnóstico de anemia leve.', '2024-02-20'),
(249, 108, 174, 'sugiere infección bacteriana leve.', '2022-09-16'),
(250, 23, 163, 'presentó fiebre y dolor abdominal.', '2024-01-13'),
(251, 14, 140, 'revisión anual sin novedades.', '2023-02-07'),
(252, 105, 84, 'refiere insomnio ocasional.', '2023-03-24'),
(253, 19, 134, 'revisión anual sin novedades.', '2022-08-29'),
(254, 191, 120, 'se descartó proceso infeccioso.', '2024-07-22'),
(255, 144, 36, 'seguimiento de tratamiento, control prenatal sin complicaciones.', '2023-07-10'),
(256, 18, 19, 'episodio de crisis asmática controlada.', '2024-02-06'),
(257, 20, 166, 'mejoría tras ajuste de dosis.', '2022-08-13'),
(258, 75, 102, 'dolor de garganta persistente.', '2024-05-02'),
(259, 69, 114, 'control de glucosa adecuado.', '2023-09-20'),
(260, 194, 134, 'control evolutivo: signos de alergia alimentaria.', '2022-10-27'),
(261, 24, 48, 'evaluación post-tratamiento, se descartó patología digestiva.', '2023-08-19'),
(262, 75, 151, 'evolución favorable al tratamiento.', '2023-07-09'),
(263, 181, 119, 'reporte de presión arterial elevada.', '2024-04-30'),
(264, 18, 112, 'signos de alergia alimentaria.', '2023-06-01'),
(265, 1, 115, 'signos de alergia alimentaria.', '2024-04-17'),
(266, 117, 120, 'segunda consulta del mes, control de diabetes sin complicaciones.', '2023-08-22'),
(267, 1, 168, 'sin evidencia de infección activa.', '2023-08-18'),
(268, 22, 83, 'presenta vómitos y diarrea aguda.', '2022-12-11'),
(269, 13, 95, 'diagnóstico de anemia leve.', '2024-07-02'),
(270, 1, 52, 'seguimiento postoperatorio favorable.', '2024-02-15'),
(271, 6, 188, 'no presenta fiebre en últimas 24 horas.', '2023-04-30'),
(272, 90, 172, 'seguimiento de tratamiento, no se observaron signos de alarma.', '2024-07-14');

INSERT INTO receta (id_receta, id_consulta, id_tratamiento, instrucciones) VALUES
(1, 66, 97, 'aplicar capa fina sobre la lesión.'),
(2, 212, 98, 'mantener en refrigeración antes de su uso.'),
(3, 129, 98, 'aplicar en la zona afectada dos veces al día.'),
(4, 116, 121, 'aplicar en la zona afectada dos veces al día.'),
(5, 17, 43, 'tomar con abundante agua antes de dormir.'),
(6, 34, 205, 'no mezclar con otros medicamentos sin autorización.'),
(7, 52, 36, 'tomar con alimentos para evitar molestias gástricas.'),
(8, 76, 113, 'disolver en medio vaso de agua.'),
(9, 254, 137, 'disolver en medio vaso de agua.'),
(10, 186, 174, 'utilizar únicamente en caso de dolor intenso.'),
(11, 51, 133, 'tomar a la misma hora todos los días.'),
(12, 129, 95, 'disolver en medio vaso de agua.'),
(13, 46, 11, 'administrar por vía oral durante 7 días.'),
(14, 131, 25, 'no mezclar con otros medicamentos sin autorización.'),
(15, 194, 32, 'tomar en ayunas durante 10 días.'),
(16, 121, 172, 'aplicar masaje suave tras la aplicación.'),
(17, 24, 96, 'tomar con alimentos para evitar molestias gástricas.'),
(18, 195, 12, 'aplicar en la zona afectada dos veces al día.'),
(19, 240, 203, 'colocar una gota en cada ojo cada 8 horas.'),
(20, 190, 68, 'administrar por vía intramuscular una vez al día.'),
(21, 158, 117, 'evitar exposición solar durante el tratamiento.'),
(22, 13, 66, 'tomar con alimentos para evitar molestias gástricas.'),
(23, 219, 166, 'suspender uso si aparece erupción cutánea.'),
(24, 65, 163, 'aplicar masaje suave tras la aplicación.'),
(25, 45, 150, 'tomar con alimentos para evitar molestias gástricas.'),
(26, 220, 151, 'tomar con abundante agua antes de dormir.'),
(27, 20, 166, 'aplicar capa fina sobre la lesión.'),
(28, 126, 24, 'ingerir después de las comidas principales.'),
(29, 141, 122, 'administrar por vía oral durante 7 días.'),
(30, 146, 13, 'aplicar capa fina sobre la lesión.'),
(31, 32, 137, 'aplicar en la zona afectada dos veces al día.'),
(32, 228, 100, 'utilizar únicamente en caso de dolor intenso.'),
(33, 125, 155, 'utilizar únicamente en caso de dolor intenso.'),
(34, 120, 71, 'tomar con abundante agua antes de dormir.'),
(35, 242, 187, 'tomar con alimentos para evitar molestias gástricas.'),
(36, 197, 38, 'disolver en medio vaso de agua.'),
(37, 209, 21, 'tomar con abundante agua antes de dormir.'),
(38, 101, 197, 'tomar en ayunas durante 10 días.'),
(39, 265, 79, 'aplicar masaje suave tras la aplicación.'),
(40, 31, 75, 'repetir dosis en caso de persistencia de síntomas.'),
(41, 30, 80, 'colocar una gota en cada ojo cada 8 horas.'),
(42, 43, 80, 'administrar por vía oral durante 7 días.'),
(43, 257, 94, 'aplicar masaje suave tras la aplicación.'),
(44, 72, 177, 'tomar una tableta cada 12 horas por 5 días.'),
(45, 47, 25, 'administrar por vía oral durante 7 días.'),
(46, 76, 70, 'tomar una tableta cada 12 horas por 5 días.'),
(47, 13, 123, 'suspender uso si aparece erupción cutánea.'),
(48, 269, 205, 'utilizar únicamente en caso de dolor intenso.'),
(49, 201, 98, 'tomar una tableta cada 12 horas por 5 días.'),
(50, 249, 66, 'disolver en medio vaso de agua.'),
(51, 73, 206, 'aplicar masaje suave tras la aplicación.'),
(52, 30, 105, 'utilizar únicamente en caso de dolor intenso.'),
(53, 76, 80, 'disolver en medio vaso de agua.'),
(54, 30, 149, 'tomar en ayunas durante 10 días.'),
(55, 207, 205, 'ingerir una cápsula antes de acostarse.'),
(56, 118, 9, 'utilizar únicamente en caso de dolor intenso.'),
(57, 45, 7, 'ingerir una cápsula antes de acostarse.'),
(58, 63, 94, 'mantener en refrigeración antes de su uso.'),
(59, 176, 203, 'repetir dosis en caso de persistencia de síntomas.'),
(60, 99, 166, 'aplicar en la zona afectada dos veces al día.'),
(61, 161, 88, 'tomar una tableta cada 12 horas por 5 días.'),
(62, 92, 147, 'tomar en ayunas durante 10 días.'),
(63, 121, 54, 'disolver en medio vaso de agua.'),
(64, 76, 6, 'tomar en ayunas durante 10 días.'),
(65, 147, 116, 'mantener en refrigeración antes de su uso.'),
(66, 179, 54, 'ingerir después de las comidas principales.'),
(67, 263, 76, 'mantener en refrigeración antes de su uso.'),
(68, 181, 179, 'ingerir después de las comidas principales.'),
(69, 22, 146, 'tomar a la misma hora todos los días.'),
(70, 2, 103, 'administrar por vía oral durante 7 días.'),
(71, 75, 206, 'repetir dosis en caso de persistencia de síntomas.'),
(72, 220, 174, 'colocar una gota en cada ojo cada 8 horas.'),
(73, 268, 95, 'ingerir después de las comidas principales.'),
(74, 57, 118, 'evitar exposición solar durante el tratamiento.'),
(75, 214, 99, 'aplicar capa fina sobre la lesión.'),
(76, 71, 185, 'colocar una gota en cada ojo cada 8 horas.'),
(77, 77, 201, 'aplicar masaje suave tras la aplicación.'),
(78, 52, 16, 'tomar a la misma hora todos los días.'),
(79, 159, 169, 'colocar una gota en cada ojo cada 8 horas.'),
(80, 264, 124, 'tomar con abundante agua antes de dormir.'),
(81, 191, 27, 'aplicar masaje suave tras la aplicación.'),
(82, 266, 129, 'ingerir después de las comidas principales.'),
(83, 213, 33, 'aplicar en la zona afectada dos veces al día.'),
(84, 93, 137, 'tomar a la misma hora todos los días.'),
(85, 30, 103, 'disolver en medio vaso de agua.'),
(86, 127, 150, 'ingerir una cápsula antes de acostarse.'),
(87, 237, 195, 'tomar con alimentos para evitar molestias gástricas.'),
(88, 238, 203, 'aplicar masaje suave tras la aplicación.'),
(89, 124, 82, 'tomar una tableta cada 12 horas por 5 días.'),
(90, 59, 89, 'repetir dosis en caso de persistencia de síntomas.'),
(91, 11, 64, 'aplicar en la zona afectada dos veces al día.'),
(92, 191, 106, 'repetir dosis en caso de persistencia de síntomas.'),
(93, 155, 109, 'suspender uso si aparece erupción cutánea.'),
(94, 221, 14, 'no mezclar con otros medicamentos sin autorización.'),
(95, 91, 160, 'colocar una gota en cada ojo cada 8 horas.'),
(96, 217, 121, 'tomar a la misma hora todos los días.'),
(97, 159, 104, 'tomar a la misma hora todos los días.'),
(98, 261, 19, 'aplicar capa fina sobre la lesión.'),
(99, 113, 79, 'tomar a la misma hora todos los días.'),
(100, 178, 56, 'tomar a la misma hora todos los días.'),
(101, 235, 11, 'aplicar en la zona afectada dos veces al día.'),
(102, 173, 121, 'tomar una tableta cada 12 horas por 5 días.'),
(103, 62, 66, 'aplicar masaje suave tras la aplicación.'),
(104, 38, 206, 'utilizar únicamente en caso de dolor intenso.'),
(105, 49, 152, 'repetir dosis en caso de persistencia de síntomas.'),
(106, 55, 201, 'suspender uso si aparece erupción cutánea.'),
(107, 220, 157, 'tomar con alimentos para evitar molestias gástricas.'),
(108, 260, 19, 'administrar por vía intramuscular una vez al día.'),
(109, 109, 47, 'ingerir después de las comidas principales.'),
(110, 149, 98, 'colocar una gota en cada ojo cada 8 horas.'),
(111, 17, 118, 'ingerir una cápsula antes de acostarse.'),
(112, 7, 45, 'administrar por vía intramuscular una vez al día.'),
(113, 200, 98, 'ingerir una cápsula antes de acostarse.'),
(114, 167, 203, 'aplicar en la zona afectada dos veces al día.'),
(115, 120, 154, 'suspender uso si aparece erupción cutánea.'),
(116, 176, 93, 'suspender uso si aparece erupción cutánea.'),
(117, 127, 208, 'tomar en ayunas durante 10 días.'),
(118, 179, 196, 'no mezclar con otros medicamentos sin autorización.'),
(119, 173, 28, 'colocar una gota en cada ojo cada 8 horas.'),
(120, 238, 141, 'tomar con abundante agua antes de dormir.'),
(121, 173, 14, 'disolver en medio vaso de agua.'),
(122, 123, 87, 'aplicar capa fina sobre la lesión.'),
(123, 170, 73, 'evitar exposición solar durante el tratamiento.'),
(124, 206, 148, 'ingerir después de las comidas principales.'),
(125, 119, 37, 'evitar exposición solar durante el tratamiento.'),
(126, 235, 202, 'disolver en medio vaso de agua.'),
(127, 36, 93, 'utilizar únicamente en caso de dolor intenso.'),
(128, 121, 161, 'administrar por vía oral durante 7 días.'),
(129, 51, 6, 'ingerir una cápsula antes de acostarse.'),
(130, 91, 184, 'aplicar capa fina sobre la lesión.'),
(131, 204, 91, 'tomar con abundante agua antes de dormir.'),
(132, 57, 28, 'aplicar capa fina sobre la lesión.'),
(133, 187, 151, 'tomar una tableta cada 12 horas por 5 días.'),
(134, 42, 132, 'mantener en refrigeración antes de su uso.'),
(135, 190, 116, 'aplicar masaje suave tras la aplicación.'),
(136, 205, 64, 'ingerir después de las comidas principales.'),
(137, 194, 143, 'tomar con alimentos para evitar molestias gástricas.'),
(138, 2, 11, 'aplicar capa fina sobre la lesión.'),
(139, 137, 198, 'colocar una gota en cada ojo cada 8 horas.'),
(140, 131, 72, 'suspender uso si aparece erupción cutánea.'),
(141, 143, 108, 'mantener en refrigeración antes de su uso.'),
(142, 159, 153, 'administrar por vía intramuscular una vez al día.'),
(143, 203, 77, 'repetir dosis en caso de persistencia de síntomas.'),
(144, 231, 165, 'no mezclar con otros medicamentos sin autorización.'),
(145, 73, 35, 'evitar exposición solar durante el tratamiento.'),
(146, 36, 105, 'ingerir después de las comidas principales.'),
(147, 266, 110, 'repetir dosis en caso de persistencia de síntomas.'),
(148, 268, 128, 'suspender uso si aparece erupción cutánea.'),
(149, 3, 121, 'administrar por vía oral durante 7 días.'),
(150, 74, 188, 'aplicar capa fina sobre la lesión.'),
(151, 244, 116, 'suspender uso si aparece erupción cutánea.'),
(152, 110, 101, 'no mezclar con otros medicamentos sin autorización.'),
(153, 92, 163, 'suspender uso si aparece erupción cutánea.'),
(154, 90, 15, 'aplicar masaje suave tras la aplicación.'),
(155, 111, 177, 'aplicar en la zona afectada dos veces al día.'),
(156, 251, 99, 'ingerir una cápsula antes de acostarse.'),
(157, 246, 139, 'ingerir una cápsula antes de acostarse.'),
(158, 133, 91, 'aplicar masaje suave tras la aplicación.'),
(159, 93, 75, 'tomar con abundante agua antes de dormir.'),
(160, 125, 176, 'utilizar únicamente en caso de dolor intenso.'),
(161, 161, 84, 'tomar con abundante agua antes de dormir.'),
(162, 116, 42, 'disolver en medio vaso de agua.'),
(163, 146, 204, 'aplicar masaje suave tras la aplicación.'),
(164, 126, 111, 'mantener en refrigeración antes de su uso.'),
(165, 179, 51, 'tomar en ayunas durante 10 días.'),
(166, 21, 55, 'tomar en ayunas durante 10 días.'),
(167, 169, 206, 'utilizar únicamente en caso de dolor intenso.'),
(168, 272, 185, 'tomar con abundante agua antes de dormir.'),
(169, 216, 175, 'aplicar en la zona afectada dos veces al día.'),
(170, 218, 34, 'utilizar únicamente en caso de dolor intenso.'),
(171, 248, 171, 'utilizar únicamente en caso de dolor intenso.'),
(172, 108, 85, 'tomar en ayunas durante 10 días.'),
(173, 204, 157, 'administrar por vía oral durante 7 días.'),
(174, 7, 57, 'administrar por vía oral durante 7 días.'),
(175, 137, 118, 'tomar con abundante agua antes de dormir.'),
(176, 147, 28, 'ingerir después de las comidas principales.'),
(177, 196, 18, 'administrar por vía oral durante 7 días.'),
(178, 54, 188, 'tomar una tableta cada 12 horas por 5 días.'),
(179, 202, 137, 'ingerir una cápsula antes de acostarse.'),
(180, 162, 117, 'tomar en ayunas durante 10 días.'),
(181, 250, 76, 'administrar por vía intramuscular una vez al día.'),
(182, 148, 153, 'tomar una tableta cada 12 horas por 5 días.'),
(183, 15, 208, 'administrar por vía intramuscular una vez al día.'),
(184, 115, 51, 'administrar por vía oral durante 7 días.'),
(185, 252, 11, 'aplicar en la zona afectada dos veces al día.'),
(186, 14, 171, 'tomar en ayunas durante 10 días.'),
(187, 114, 109, 'administrar por vía intramuscular una vez al día.'),
(188, 44, 32, 'tomar con abundante agua antes de dormir.'),
(189, 117, 150, 'tomar en ayunas durante 10 días.'),
(190, 219, 138, 'administrar por vía intramuscular una vez al día.'),
(191, 28, 51, 'repetir dosis en caso de persistencia de síntomas.'),
(192, 200, 161, 'colocar una gota en cada ojo cada 8 horas.'),
(193, 87, 34, 'aplicar capa fina sobre la lesión.'),
(194, 25, 65, 'suspender uso si aparece erupción cutánea.'),
(195, 147, 22, 'tomar con abundante agua antes de dormir.'),
(196, 263, 118, 'suspender uso si aparece erupción cutánea.'),
(197, 46, 162, 'tomar a la misma hora todos los días.'),
(198, 53, 94, 'aplicar capa fina sobre la lesión.'),
(199, 43, 38, 'tomar en ayunas durante 10 días.'),
(200, 15, 122, 'aplicar capa fina sobre la lesión.'),
(201, 35, 61, 'ingerir después de las comidas principales.'),
(202, 212, 203, 'tomar con alimentos para evitar molestias gástricas.'),
(203, 206, 129, 'administrar por vía intramuscular una vez al día.'),
(204, 157, 59, 'aplicar capa fina sobre la lesión.'),
(205, 25, 108, 'ingerir después de las comidas principales.'),
(206, 14, 163, 'utilizar únicamente en caso de dolor intenso.'),
(207, 54, 166, 'tomar una tableta cada 12 horas por 5 días.'),
(208, 203, 19, 'administrar por vía oral durante 7 días.');

NSERT INTO consulta_receta (id_consulta, id_receta) VALUES
(17, 201),
(86, 145),
(56, 10),
(87, 19),
(34, 152),
(222, 158),
(183, 32),
(19, 65),
(165, 158),
(140, 30),
(41, 117),
(261, 21),
(37, 185),
(197, 160),
(111, 146),
(222, 102),
(3, 114),
(107, 12),
(3, 116),
(142, 114),
(9, 203),
(127, 66),
(188, 81),
(174, 94),
(272, 70),
(146, 87),
(60, 179),
(103, 62),
(15, 56),
(60, 57),
(38, 134),
(148, 186),
(245, 145),
(98, 9),
(87, 72),
(267, 205),
(29, 169),
(149, 5),
(82, 32),
(114, 83),
(231, 170),
(263, 154),
(65, 169),
(163, 50),
(158, 183),
(28, 155),
(223, 66),
(222, 141),
(12, 104),
(240, 42),
(94, 24),
(148, 205),
(119, 28),
(99, 12),
(137, 33),
(49, 162),
(163, 29),
(22, 192),
(69, 167),
(148, 143),
(97, 77),
(206, 26),
(82, 94),
(27, 12),
(102, 154),
(263, 187),
(64, 79),
(172, 155),
(98, 61),
(38, 27),
(153, 110),
(207, 63),
(219, 202),
(180, 146),
(175, 56),
(140, 67),
(10, 21),
(93, 55),
(243, 20),
(79, 191),
(126, 132),
(103, 124),
(185, 14),
(52, 68),
(240, 143),
(155, 38),
(99, 5),
(190, 132),
(19, 173),
(94, 28),
(47, 38),
(178, 72),
(69, 7),
(77, 7),
(83, 157),
(66, 98),
(93, 26),
(12, 11),
(212, 120),
(85, 191),
(200, 65),
(71, 59),
(241, 162),
(270, 40),
(134, 110),
(235, 177),
(68, 184),
(143, 25),
(3, 3),
(31, 140),
(171, 6),
(26, 68),
(213, 104),
(257, 11),
(8, 77),
(43, 87),
(216, 185),
(194, 49),
(87, 184),
(147, 188),
(212, 96),
(2, 183),
(135, 116),
(186, 186),
(168, 14),
(151, 140),
(219, 10),
(16, 185),
(226, 200),
(127, 118),
(201, 175),
(57, 78),
(118, 32),
(146, 166),
(252, 102),
(74, 176),
(50, 76),
(167, 4),
(212, 156),
(101, 139),
(62, 163),
(65, 197),
(235, 116),
(168, 180),
(262, 114),
(136, 39),
(265, 43),
(189, 192),
(246, 166),
(233, 108),
(188, 87),
(71, 44),
(167, 110),
(84, 114),
(145, 102),
(10, 54),
(63, 75),
(194, 106),
(233, 198),
(268, 75),
(23, 156),
(12, 4),
(234, 50),
(196, 92),
(266, 196),
(80, 195),
(212, 44),
(193, 173),
(35, 157),
(12, 114),
(97, 108),
(128, 169),
(201, 109),
(133, 174),
(46, 122),
(104, 163),
(5, 200),
(211, 104),
(15, 178),
(124, 154),
(1, 57),
(21, 83),
(42, 160),
(263, 122),
(84, 10),
(141, 23),
(63, 66),
(16, 204),
(272, 67),
(195, 88),
(46, 146),
(172, 79),
(221, 154),
(227, 65),
(15, 173),
(82, 131),
(86, 6),
(144, 95),
(211, 14),
(70, 51),
(213, 32),
(219, 48),
(134, 46),
(83, 69),
(53, 37),
(148, 152),
(122, 58),
(249, 91),
(114, 37),
(54, 185),
(49, 70),
(156, 143),
(133, 40),
(75, 133),
(59, 114),
(108, 195),
(118, 164),
(29, 148),
(203, 122),
(192, 162),
(81, 207),
(13, 70),
(138, 126),
(119, 75),
(225, 6),
(229, 57),
(241, 120),
(149, 59),
(86, 70),
(144, 63),
(56, 162),
(206, 176),
(65, 101),
(247, 63);
